club_name,city,state,zip
#popscope: urban public astronomy,Cambridge,MA,02139
Acorn Jr. Science Club,Mena,AR,71953
Adirondack Sky Center,Tupper Lake,NY,12986
Alachua Astronomy Club,Gainesville,FL,32609
Alamogordo Astronomy Club,Alamogordo,NM,88310
"Aldrich Astronomical Society, Inc.",Paxton,MA,01612
Amateur Astronomers Association,Brooklyn,NY,11234
Amateur Astronomers Association of Pittsburgh,Finleyville,PA,15332
"Amateur Astronomers Association of Princeton, Inc.",Princeton,NJ,08544
Amateur Astronomers Group,Alamogordo,NM,
"Amateur Astronomers, Inc.",Garwood,NJ,07027-0111
Amateur Observers' Society of NY,East Meadow,NY,11554
"Amateur Telescope Makers of Boston, Inc.",Harvard,MA,01451
Amblebrook Astronomy and Stargazing Club,Gettsyburg,PA,17325
Ames Area Amateur Astronomers,Ames,IA,50014
Ancient City Astronomy Club,St Augustine,FL,32080
Andrews University Astronomy Club,Berrien Springs,MI,49104-0380
Antelope Valley Astronomy Club,Lancaster,CA,93539
AquaSoft Astronomy Club,Ellensburg,WA,98926
Arkansas Oklahoma Astronomical Society,Fort Smith,AR,72903
Arrowhead Astronomical Society,Duluth,MN,55812
"Asociación de Observación, Difusión Astronómica y Ciencias del Espacio",Caguas,PR,00725
Astronomers of Humboldt,Eureka,CA,95501
Astronomers of Verde Valley,Cottonwood,AZ,86326
Astronomers Outreach Network,Anaheim,CA,92804
Astronomers Without Borders,Calabasas,CA,91302
Astronomical Association of Southern Illinois,Carbondale,IL,62901
Astronomical Society of East Texas,Tyler,TX,75701
Astronomical Society of Eastern Missouri,Wentzville,MO,63385
Astronomical Society of Greater Hartford,New Britain,CT,06050
Astronomical Society of Greenbelt,Greenbelt,MD,20770
Astronomical Society of Harrisburg (ASH),Lewisberry,PA,17339
Astronomical Society of Kansas City,Loiusburg,KS,66053
Astronomical Society of Las Cruces,Las Cruces,NM,88003
Astronomical Society of Long Island,Centerport,NY,11721
Astronomical Society of Nevada,Reno,NV,89557
Astronomical Society of New Haven,Goshen,CT,06756
Astronomical Society of Northern New England,Kennebunk,ME,04043
Astronomical Society of Southern New England,Rehoboth,MA,02769
Astronomical Society of the Pacific,San Francisco,CA,94112
Astronomical Society of the Palm Beaches,West Palm Beach,FL,33405
Astronomical Society of the Toms River Area A.S.T.R.A.,Beachwood,NJ,08722
Astronomy and Physics Club from Pasadena City College,Pasadena,CA,91106
Astronomy Associates of Lawrence,Lawrence,KS,66046
Astronomy Association of Arizona,Buckeye,AZ,85396
Astronomy Club of Akron,Akron,OH,44319-3999
Astronomy Club of Asheville,Asheville,NC,28804
Astronomy Club of FSA,Alpharetta,GA,30009-2244
Astronomy Club of Lompoc,Vandenberg AFB,CA,93437
Astronomy Club of Tulsa,Mounds,OK,74047
Astronomy Enthusiasts of Lancaster County,Lititz,PA,17543
Astronomy in the Parks Society,Pikeville,TN,
"Astronomy Section, Rochester Academy of Science",Ionia,NY,14475
Atlanta Astronomy Club,Atlanta,GA,30307
Austin Astronomical Society,Austin,TX,78705
Back Bay Amateur Astronomers,Virginia Beach,VA,23453
Barnard Astronomical Society of Chattanooga,Chattanooga,TN,37411
Barnard-Seyfert Astronomical Society,Brentwood,TN,37027
Bartlesville Astronomical Society,Bartlesville,OK,74003
Baton Rouge Astronomical Society,Baton Rouge,LA,70810
Battle Point Astronomical Association,Bainbridge Island,WA,98110
Bear Valley Springs Astronomy Club,Bear Valley Springs,CA,93561
Berks County Amateur Astronomical Society,Reading,PA,19611
Big Bear Valley Astronomical Society,Big Bear City,CA,92314
Big Sky Astronomy Club,Kalispell,MT,59901
Birmingham Astronomical Society,Alabaster,AL,35007
Black Canyon Astronomical Society,Montrose,CO,81402
Black Hawk Astronomy Club,Strawberry Point,IA,
Black River Astronomical Society,Lagrange,OH,
Boeing Employees' Astronomical Society,Seattle,WA,98108
Boise Astronomical Society,Garden City,ID,83714
Bong Naturalist Association Astronomy Club,Kansasville,WI,53139
Brazos Region Astronomy Service Society,Bryan,TX,77805
Brazos Valley Astronomy Club,College Station,TX,77845
Brazosport Astronomy Club,Clute,TX,77531
Brighton Astronomy Group,Brighton,CO,80601
Broken Arrow Sidewalk Astronomers,Broken Arrow,OK,
Broward Astronomy,Fort Lauderdale,FL,33309
Bruneau Dunes Observatory,Mountain Home,ID,83647
Brunswick Astronomy Club,Brunswick,OH,44212
Bucks-Mont Astronomical Association,Doylestown,PA,18901
Buffalo Astronomical Association,Buffalo,NY,14222
Cache Valley Astronomical Society,Logan,UT,84321
Calumet Astronomical Society,Griffith,IN,46319-0851
Capital Area Astronomy Association,East Lansing,MI,48824
Carolina Skygazers,Rock Hill,SC,29732
Catskills Astronomy Club,Liberty,NY,12754
"Cedar Amateur Astronomers, Inc.",Cedar Rapids,IA,52410
Central Appalachian Astronomy Club of West Virginia,Clarksburg,WV,26301
Central Arkansas Astronomical Society,Bigelow,AR,72016
Central Coast Astronomical Society,San Luis Obispo,CA,93405
"Central Florida Astronomical Society, Inc.",Longwood,FL,32791-7701
Central Maine Astronomical Society,Whitefield,ME,04353
Central Missouri Amateur Astronomers,Columbia,MO,65201
Central Ohio Astronomical Society,Newark,OH,43056
Central Pennsylvania Observers,State College,PA,16801
"Central Texas Astronomical Society, Incorporated",Turnersville,TX,76502
Central Valley Astronomers,Fresno,CA,93740
Central Washington University Astronomy Club,Ellensburg,WA,98926
Chagrin Valley Astronomical Society,Huntsburg,OH,44046
Champaign-Urbana Astronomical Society,Champaign,IL,61821-1806
Chapel Hill Astronomical and Observational Society,Chapel Hill,NC,27514
Charlie Elliott Astronomy,Mansfield,GA,30055
Charlotte Amateur Astronomers Club,Charlotte,NC,28207
Charlottesville Astronomical Society,Charlottesville,VA,22902
ChesMont Astronomical Society,Elverson,PA,19520
Chester County Astronomical Society,West Chester,PA,19383
Cheyenne Astronomical Society,Cheyenne,WY,82009
Chicago Astronomical Society,Chicago,IL,60605-2403
Cincinnati Astronomical Society,Cleves,OH,45002
Cincinnati Observatory,Cincinnati,OH,45208
Clemson Area Amateur Astronomers,Walhalla,SC,29691
Colorado Springs Astronomical Society,Colorado Springs,CO,80907
Columbia University Public Outreach,New York,NY,10027
Columbus Astronomical Society,Delaware,OH,43015
Community Observatory,Placerville,CA,95667
Community of Humble / Administaff Observatory Society,Humble,TX,77396
Crystal Coast Stargazers,Otway,NC,28516
Cumberland Astronomical Society,Gallatin,TN,37066
Custer Observatory,Southold,NY,11971
Cuyahoga Astronomical Association,North Olmsted,OH,44070
Darien O'Brien Astronomy Club,Lakewood,CO,80232
Death Valley National Park,Death Valley,CA,92328
Delaware Astronomical Society,Greenville,DE,19807
Delaware Valley Amateur Astronomers,Radnor,PA,19087
Delmarva Stargazers,Smyrna,DE,19977
Denver Astronomical Society,Denver,CO,80210
Des Moines Astronomical Society,Des Moines,IA,
Door Peninsula Astronomical Society,Sturgeon Bay,WI,54235
Downeast Amateur Astronomers,Calais,ME,04619
Dudley Observatory & Albany Area Amateur Astronomers,Schenectady,NY,12308
East Brunswick Astronomy Club,East Brunswick,NJ,08816
East Central Minnesota Astronomy Club,Mora,MN,55051
East Valley Astronomy Club (EVAC),Gilbert,AZ,85234
Eastbay Astronomical Society,Oakland,CA,94619
Eastlake Astronomy Club,Sammamish,WA,98074
Elkins Park SkyWatchers,ELKINS PARK,PA,19027-2623
Escambia Amateur Astronomer's Association,Pensacola,FL,32504
Estes Valley Astronomical Society,Estes Park,CO,80517
Eugene Astronomical Society,Eugene,OR,97401
Evansville Astronomical Society,Lynnville,IN,47619
Everett Astronomical Society,Everett,WA,98206
Explore Alliance,Springdale,AR,72762
Fargo-Moorhead Astronomy Club,Moorhead,MN,56563
Flint River Astronomy Club,Griffin,GA,30224
Florida Keys Astronomy Club,Big Pine Key,FL,43754
Ford Amateur Astronomy Club,Dearborn,MI,48128
Forsyth Astronomical Society,Winston-Salem,NC,27130
Fort Bend Astronomy Club,Sugar Land,TX,77479
Fort Wayne Astronomical Society,New Haven,IN,46774
Fort Worth Astronomical Society,Fort Worth,TX,76107
Fox Park Observatory,Potterville,MI,48876
Fox Valley Astronomical Society,Geneva,IL,60134
Franklin Township Astronomy Club,Franklin Township,NJ,08873
Fremont Peak Observatory Association,San Juan Bautista,CA,95045
Gaithersburg Community Museum and Latitude Observatory,Gaithersburg,MD,20877
Galileo Astronomy Unclub,Auburn,WA,
Gardner Camp Youth Astronomy Club,Hull,IL,62343
Geauga Skywatchers Club,Chardon,OH,44024
Gloucester Area Astronomy Club,Rockport,MA,01966
Grand Rapids Amateur Astronomical Association,Lowell,MI,49331
Grants Pass Astronomers,Grants Pass,OR,97526
Great Valley Astronomy Club,Modesto,CA,95350
Greater Hazleton Area Astronomical Society,Hazle Township,PA,18202
Greater Houston Astronomical Coalition,Houston,TX,
Greensboro Astronomy Club,Greensboro,NC,27455-1899
Harford County Astronomical Society,Bel Air,MD,21014
Hawaiian Astronomical Society,Honolulu,HI,96817
Helena Astronomical Society,Helena,MT,59602
Hercules Stargazers,Hercules,CA,
High Desert Astronomical Society,Apple Valley,CA,92307
Hilltopper Astronomy Club,Bowling Green,KY,42101
Houston Astronomical Society,Houston,TX,77004
Huachuca Astronomy Club of Southeastern Arizona,Sierra Vista,AZ,85635
Huntsville Amateur Astronomy Society,Huntsville,TX,77340
Idaho Falls Astronomical Society,Idaho Falls,ID,83402
Imperial Polk Astronomical Society,Lakeland,FL,33810
Indiana Astronomical Society,Martinsville,IN,46151
Iowa County Astronomers,Dodgeville,WI,53533
Island County Astronomical Society,Oak Harbor,WA,98277
Jackson Hole Astronomy Club,Jackson,WY,83001
John Glenn Astronomy Park,Logan,OH,43138
John J. McCarthy Observatory,New Milford,CT,06776
Johnson Space Center Astronomical Society,Houston,TX,77058
Kalamazoo Astronomical Society,Kalamazoo,MI,49008
Kanawha Valley Astronomical Society Inc.,Charleston,WV,25312
Kansas Astronomical Observers,Wichita,KS,67220-2200
Keene Amateur Astronomers,Keene,NH,03431
Kennedy Space Center Amateur Astronomers,Titusville,FL,32780
Kern Astronomical Society,Bakersfield,CA,93309
Kids Observing Celestial Heavens And Beyond (KOCHAB),Nashville,TN,
Kiski Astronomers,Leechburg,PA,15656
Knoxville Observers,Andersonville,TN,37705
Kopernik Astronomical Society,Vestal,NY,13850
La Crosse Area Astronomical Society,La Crosse,WI,54601
Lake County Astronomical Society,Ingleside,IL,60041
Lamoille County Star Gazers,Morristown,VT,05661
Las Vegas Astronomical Society,North Las Vegas,NV,89030
Lehigh Valley Amateur Astronomical Society Inc.,Allentown,PA,18103
Lima Astronomical Society,Lima,OH,45802
Litchfield Hills Amateur Astronomy Club,Litchfield,CT,06759
Little Colorado River Valley Astronomy Club,Winslow,AZ,86047
Local Group Astronomy Club of Santa Clarita Valley,Santa Clarita,CA,91322
Local Group of Deep Sky Observers,Ellenton,FL,34222
Longmont Astronomical Society,Longmont,CO,80501
Los Angeles Astronomical Society,Los Angeles,CA,90027
Los Angeles Sidewalk Astronomers,Hollywood,CA,90068
LOS ANGELES VALLEY COLLEGE ASTRONOMY GROUP,Los Angeles,CA,91401
Louisville Astronomical Society,Louisville,KY,40241
Lowcountry Stargazers,Johns Island,SC,29455
Lowell Observatory,Flagstaff,AZ,86001
Lunar Sooners,Norman,OK,73019
Magic Valley Astronomical Society,Kimberly,ID,83341
Manheim Township Astronomy Club,Lancaster,PA,17601
Marquette Astronomical Society,Marquette,MI,49855
"Marshal Martz Memorial Astronomical Association, Inc.",Frewsburg,NY,14738
Mason Star Gazers,Mason,TX,76856
Memphis Astronomical Society,Memphis,TN,38112
Miami Valley Astronomical Society,Dayton,OH,45414
Michiana Astronomical Society Inc.,Mishawaka,IN,46545
Mid-Hudson Astronomical Association,New Paltz,NY,12561
Middle Georgia Astronomical Society,Macon,GA,31210
Midlands Astronomy Club,Columbia,SC,29203
Milwaukee Astronomical Society,New Berlin,WI,53146
Minnesota Astronomical Society,Norwood-Young America,MN,55397
MIRA Astronomy Club,Marina,CA,93933
Mohawk Valley Astronomical Society,Clinton,NY,13323
Morgan County Observatory Foundation,Berkeley Springs,WV,25411
Morris Museum Astronomical Society,Morristown,NJ,07960-4627
MOSI Observe the Sky Initiative,Tampa,FL,33617
Mount Diablo Astronomical Society,Clayton,CA,94517
Museum Astronomical Resource Society,Tampa,FL,33603
Muskegon Astronomical Society,Muskegon,MI,49442
NASA Wallops Flight Facility Visitor Center,Wallops Island,VA,23337
National Capital Astronomers,Adelphi,MD,20783
Natural Bridge State Park,Natural Bridge,VA,24578
Nevada County Astronomers,Nevada City,CA,95959
Neville Public Museum Astronomical Society,Green Bay,WI,54303
New England Sci-Tech Astronomy,Natick,MA,01760
New Hampshire Astronomical Society,Manchester,NH,03108-5823
New Jersey Astronomical Association,High Bridge,NJ,08829
Nightsky-45,Salem,OR,97305
Norman North Astronomy Club,Norman,OK,73026
North Houston Astronomy Club,Humble,TX,77346
Northeast Florida Astronomical Society,Jacksonville,FL,32247-5432
Northeast Kansas Amateur Astronomers' League Inc.,Topeka,KS,66601
Northern Colorado Astronomical Society,Fort Collins,CO,80524
Northern Cross Science Foundation,Belgium,WI,53004
Northern Michigan Astronomy Club,Boyne City,MI,49712
Northern Sky Astronomical Society,Grand Forks,ND,58202
Northern Virginia Astronomy Club (NOVAC),Fairfax,VA,22031
Northwest Suburban Astronomers,Hoffman Estates,IL,60179
NWA Star Gazers,Rogers,AR,72756
"Oak Ridge Isochronous Observation Network, Inc.",Rockwood,TN,37854
Oakland Astronomy Club,Rochester Hills,MI,48307
OBX Astronomy Club,Kill Devil Hills,NC,27948
Odyssey Astronomy Club,Wanette,OK,74878
Ogden Astronomical Society,Ogden,UT,84405
Oglebay Astronomy Club,"Schrader Center, Wheeling",WV,26003
Ohio Valley Astronomical Society,Huntington,WV,
Oil Region Astronomical Society,Cranberry,PA,16319
Oklahoma City Astronomy Club,Oklahoma City,OK,73111
Olympic Astronomical Society,Bremerton,WA,98310
Omaha Astronomical Society,Omaha,NE,68154
Orange County Astronomers,Orange,CA,92866
Peninsula Astronomical Society,Los Altos,CA,
Penobscot Valley Star Gazers,Bangor,ME,04401
Perkins Observatory,Delaware,OH,43015
Pewaukee Astronomy Club,Pewaukee,WI,53072
Phillips Exeter Academy Astronomy Club,Exeter,NH,03833
Phoenix Astronomical Society,Phoenix,AZ,85032
Physics and Astronomy Club,Houston,TX,77058
Piedmont Amateur Astronomers,Statesville,NC,28625
Platte Valley Astronomical Observers,Hastings,NE,68901
Pomona Valley Amateur Astronomers,Montclair,CA,91763
Pontchartrain Astronomy Society,New Orleans,LA,70148
Popular Astronomy Club,Orion,IL,61273
Prairie Astronomy Club,Lincoln,NE,
Prescott Astronomy Club,Prescott,AZ,86301
Racine Astronomical Society,Union Grove,WI,53182
Raleigh Astronomy Club,Raleigh,NC,27603
Rappahannock Astronomy Club,Fredericksburg,VA,22401
Reach For The Stars,Vail,AZ,85641
Rensselaer Astrophysical Society,Troy,NY,12180
Richmond Astronomical Society,Richmond,VA,23220
"Rio Rancho Astronomical Society, Inc.",Rio Rancho,NM,87124
Rittenhouse Astronomical Society,Philadelphia,PA,19103
River Bend Astronomy Club,St. Jacob,IL,62281
Riverside Astronomical Society,Riverside,CA,9250
Roanoke Valley Astronomical Society,Roanoke,VA,24018
Robert Ferguson Observatory,Kenwood,CA,95452
Rochester Astronomy Club (Minnesota),Rochester,MN,55903
"Rockford Amateur Astronomers, Inc.",Rockford,IL,61101
Rockland Astronomy Club,Suffern,NY,10901
Rose City Astronomers,Portland,OR,97214
Roswell Astronomy Club,Roswell,NM,88201
Ryan Observatory at Muddy Run,Holtwood,PA,17532
S*T*A*R Astronomy Society,Lincroft,NJ,07738
Sacramento Valley Astronomical Society,Sacramento,CA,95851
Salina Astronomy Club,Salina,KS,67401
Salt Lake Astronomical Society (SLAS),Salt Lake City,UT,84126
San Angelo Astronomy Association,San Angelo,TX,76903
San Antonio Astronomical Association,San Antonio,TX,78212
San Antonio Astronomy Club,San Juan,PR,00925
San Antonio League of Sidewalk Astronomers,San Antonio,TX,78247
San Bernardino Valley Amateur Astronomers,San Bernardino,CA,92404
San Diego Astronomy Association,San Diego,CA,92127
San Francisco Amateur Astronomers,San Francisco,CA,94114
San Jose Astronomical Association,San Jose,CA,95159-8243
San Mateo County Astronomical Society,San Mateo,CA,94402
Sangamon Astronomical Society,Springfield,IL,62791
Santa Barbara Astronomical Unit,Santa Barbara,CA,93105
Santa Cruz Astronomy Club,Scotts Valley,CA,95066
Santa Fe Stargazers,Santa Fe,NM,87508
Seattle Astronomical Society,Seattle,WA,
Selman Living Laboratory Observatory,Freedom,OK,73842
Seven Ponds Astronomy Club,Dryden,MI,48428
Shasta Astronomy Club,Whiskeytown,CA,96095
Sheboygan Astronomical Society,Sheboygan,WI,53081
Sheep Hill Astronomical Association,Boonton,NJ,07005
Shenandoah Astronomical Society,Middletown,VA,22645
Shoals Astronomy Club,Florence,AL,35630
Shoreline Amateur Astronomical Association,Holland,MI,49424
SIU Carbondale Physics Department,Carbondale,IL,62901
"Skyscrapers, Inc. Amateur Astronomical Society of Rhode Island",North Scituate,RI,02857
Smoky Mountain Astronomical Society,Knoxville,TN,37933
Sociedad de Astronomia de Puerto Rico,San Juan,PR,00936
Sociedad de Astronomía del Caribe,Cabo Rojo,PR,00623
Sonora Astronomical Society,Green Valley,AZ,85622
South Bay Astronomical Society,Torrance,CA,90504
South Florida Amateur Astronomers Association,Sunrise,FL,33326
South Jersey Astronomy Club,Egg Harbor Township,NJ,08234
South Padre Island Astronomy Club,South Padre Island,TX,78597
South Shore Astronomical Society,Norwell,MA,02061
South Texas Astronomical Society,Brownsville,TX,78523-5855
Southeastern Iowa Astronomy Club,Sperry,IA,52650
Southern Colorado Astronomical Society,Pueblo,CO,81001
Southern Cross Astronomical Society,Palmetto Bay,FL,33157
Southern Illinois University Edwardsville Star Parties,Edwardsville,IL,62025
Southern Maine Astronomers,Portland,ME,04103
Southern Oregon Skywatchers,Medford,OR,97520
"Southwest Florida Astronomical Society, Inc.",Fort Myers,FL,33905
Southwest Montana Astronomical Society,Bozeman,MT,59715
SoVerA - Southern Vermont Astronomy Group,Perkinsville,VT,05151
Spokane Astronomical Society,Spokane,WA,99203
Springfield Astronomical Society,Springfield,MO,65810
Springfield STARS,Springfield,MA,01103
Springfield Telescope Makers,Springfield,VT,05156
St. George Astronomy Group,Washington City,UT,84780
St. Louis Astronomical Society,Saint Louis,MO,
St. Petersburg Astronomy Club,St. Petersburg,FL,33710
Star City Astronomy Network,Roanoke,VA,24018
Star Light Observatory,Colorado Springs,CO,80919
Star Valley Astronomy Club,Thayne,WY,83127
Starcreek Astronomical Society,Freedom,OK,73842
Starlight Astronomy Club,hollidaysburg,PA,16648
Statesboro Astronomy Club,Statesboro,GA,30460
Steele County Astronomical Society,Owatonna,MN,55060
Stellar Vista Observatory,Kanab,UT,84741
Stillwater Stargazers,Troy,OH,45373
Stonebelt Stargazers,Bedford,IN,47421
Student Teacher Astronomical Research Society,Kennesaw,GA,30152
Sugar Creek Astronomical Society,Bentonville,AR,72712
"Summit County Astronomy Club, Inc.",Akron,OH,44333
Sun City Oro Valley Astronomy Club,Oro Valley,AZ,85755
"Suncoast Stargazers, Inc.",Bradenton,FL,34209
Syracuse Astronomical Society,Tully,NY,13159
Tacoma Astronomical Society,Tacoma,WA,
Tallahassee Astronomical Society,Tallahassee,FL,32301
Tar River Astronomy Club,Rocky Mount,NC,27804
Tatem Observatory Outreach Group,Medford,NJ,08055
Temecula Valley Astronomers,Temecula,CA,92592
Texas Astronomical Society of Dallas,Richardson,TX,75083-0742
Thames Amateur Astronomical Society,Salem,CT,06420
The Albuquerque Astronomical Society,Albuquerque,NM,87112
The Catawba Valley Astronomy Club,Maiden,NC,28650
The Heide Observatory,Kenosha,WI,53144
The Northwoods Explorers of Space and Astronomy,MINOCQUA,WI,54548
The Villages Astronomy Club,The Villages,FL,32162
Treasure Coast Astronomical Society,Fort Pierce,FL,34981
Tri-City Astronomy Club of Southeastern Washington,Richland,WA,99352
Tri-State Astronomers,Hagerstown,MD,21740
Tri-Valley Stargazers,Livermore,CA,94551
Tucson Amateur Astronomy Association,Tucson,AZ,85749
Tulare Astronomical Association,Tulare,CA,93274
Twin City Amateur Astronomers,Normal,IL,61761
Umpqua Astronomers,Roseburg,OR,97470
United Astronomy Clubs of New Jersey,Hope,NJ,07844
University Lowbrow Astronomers,Ann Arbor,MI,48109
Upper Wabash CSC Observers,Bluffton,IN,46714
Utah Valley Astronomy Club,Orem,UT,84058
Vermont Astronomical Society,Essex Junction,VT,05452
Von Braun Astronomical Society,Huntsville,AL,35801
Wabash Valley Astronomical Society,West Lafayette,IN,47906
Warren Astronomical Society,Warren,MI,48312
Warren Rupp Observatory,Mansfield,OH,44901
West Hawaii Astronomy Club,Kamuela,HI,96743
West Jersey Astronomical Society,Moorestown,NJ,08057
West Valley Astronomy Club,Sun City West,AZ,85375
West Virginia Astrophotography Association,Tornado,WV,25202
Westchester Amateur Astronomers,Pleasantville,NY,10570
Western Colorado Astronomy Club,Grand Junction,CO,81501-3122
Western Montana Astronomical Association,Missoula,MT,59802
"Westminster Astronomical Society, Inc.",Westminster,MD,21158
Westport Astronomical Society,Westport,CT,06880
Whatcom Association of Celestial Observers,Ferndale,WA,98248
Wilderness Center Astronomy Club,Wilmot,OH,44689
Yellowstone Valley Astronomy Association,Billings,MT,59101
York County Astronomical Society,Mount Wolf,PA,17347
Zanesville Astronomy Club,Zanesville,OH,43701
