chart,file,n,note
events,events.csv,16,celestial events 2021-2025
1.1,mpc_sites.csv,2695,MPC sites with valid parallax constants
1.2,cobs_aperture.csv,46562,11 instrument types with >= 200 observations
1.3,country_sites_observers.csv,44,countries present in both MPC (spatial join) and COBS
2.1,cobs_lorenz.csv,47037,265 observers
2.2,cobs_comets_monthly.csv,47037,"top 8 comets by observations, rest as Other"
3.1,cobs_daily.csv,47037,"1,826 days, zero-filled"
3.2,gmn_sollon.csv,749849,"shower meteors only, >= 2 stations, 1-degree bins"
3.3,event_response.csv,1472,event-days of COBS counts in the baseline and peak windows
4.1,gan_country_year.csv,88962,top 25 countries by submissions
4.2,us_clubs_by_state.csv,410,member clubs per state
5.1,gmn_yearly.csv,2670442,"trajectories seen by >= 2 stations, sporadics kept"
