month,comet_label,n,order,stack_order,side,short
2021-01-01,C/2023 A3 (Tsuchinshan-ATLAS),0,0,-4,below,C/2023 A3
2021-01-01,12P/Pons-Brooks,0,1,3,above,12P
2021-01-01,29P/Schwassmann-Wachmann,31,2,-1,below,29P
2021-01-01,C/2017 K2 (PANSTARRS),8,3,-2,below,C/2017 K2
2021-01-01,C/2022 E3 (ZTF),0,4,-3,below,C/2022 E3
2021-01-01,C/2020 V2 (ZTF),6,5,2,above,C/2020 V2
2021-01-01,C/2019 L3 (ATLAS),9,6,1,above,C/2019 L3
2021-01-01,C/2025 A6 (Lemmon),0,7,4,above,C/2025 A6
2021-01-01,Other,334,8,0,above,Other
2021-02-01,C/2023 A3 (Tsuchinshan-ATLAS),0,0,-4,below,C/2023 A3
2021-02-01,12P/Pons-Brooks,0,1,3,above,12P
2021-02-01,29P/Schwassmann-Wachmann,28,2,-1,below,29P
2021-02-01,C/2017 K2 (PANSTARRS),17,3,-2,below,C/2017 K2
2021-02-01,C/2022 E3 (ZTF),0,4,-3,below,C/2022 E3
2021-02-01,C/2020 V2 (ZTF),7,5,2,above,C/2020 V2
2021-02-01,C/2019 L3 (ATLAS),28,6,1,above,C/2019 L3
2021-02-01,C/2025 A6 (Lemmon),0,7,4,above,C/2025 A6
2021-02-01,Other,447,8,0,above,Other
2021-03-01,C/2023 A3 (Tsuchinshan-ATLAS),0,0,-4,below,C/2023 A3
2021-03-01,12P/Pons-Brooks,0,1,3,above,12P
2021-03-01,29P/Schwassmann-Wachmann,16,2,-1,below,29P
2021-03-01,C/2017 K2 (PANSTARRS),19,3,-2,below,C/2017 K2
2021-03-01,C/2022 E3 (ZTF),0,4,-3,below,C/2022 E3
2021-03-01,C/2020 V2 (ZTF),16,5,2,above,C/2020 V2
2021-03-01,C/2019 L3 (ATLAS),50,6,1,above,C/2019 L3
2021-03-01,C/2025 A6 (Lemmon),0,7,4,above,C/2025 A6
2021-03-01,Other,475,8,0,above,Other
2021-04-01,C/2023 A3 (Tsuchinshan-ATLAS),0,0,-4,below,C/2023 A3
2021-04-01,12P/Pons-Brooks,0,1,3,above,12P
2021-04-01,29P/Schwassmann-Wachmann,2,2,-1,below,29P
2021-04-01,C/2017 K2 (PANSTARRS),30,3,-2,below,C/2017 K2
2021-04-01,C/2022 E3 (ZTF),0,4,-3,below,C/2022 E3
2021-04-01,C/2020 V2 (ZTF),14,5,2,above,C/2020 V2
2021-04-01,C/2019 L3 (ATLAS),23,6,1,above,C/2019 L3
2021-04-01,C/2025 A6 (Lemmon),0,7,4,above,C/2025 A6
2021-04-01,Other,508,8,0,above,Other
2021-05-01,C/2023 A3 (Tsuchinshan-ATLAS),0,0,-4,below,C/2023 A3
2021-05-01,12P/Pons-Brooks,0,1,3,above,12P
2021-05-01,29P/Schwassmann-Wachmann,0,2,-1,below,29P
2021-05-01,C/2017 K2 (PANSTARRS),32,3,-2,below,C/2017 K2
2021-05-01,C/2022 E3 (ZTF),0,4,-3,below,C/2022 E3
2021-05-01,C/2020 V2 (ZTF),8,5,2,above,C/2020 V2
2021-05-01,C/2019 L3 (ATLAS),5,6,1,above,C/2019 L3
2021-05-01,C/2025 A6 (Lemmon),0,7,4,above,C/2025 A6
2021-05-01,Other,490,8,0,above,Other
2021-06-01,C/2023 A3 (Tsuchinshan-ATLAS),0,0,-4,below,C/2023 A3
2021-06-01,12P/Pons-Brooks,0,1,3,above,12P
2021-06-01,29P/Schwassmann-Wachmann,0,2,-1,below,29P
2021-06-01,C/2017 K2 (PANSTARRS),71,3,-2,below,C/2017 K2
2021-06-01,C/2022 E3 (ZTF),0,4,-3,below,C/2022 E3
2021-06-01,C/2020 V2 (ZTF),4,5,2,above,C/2020 V2
2021-06-01,C/2019 L3 (ATLAS),3,6,1,above,C/2019 L3
2021-06-01,C/2025 A6 (Lemmon),0,7,4,above,C/2025 A6
2021-06-01,Other,328,8,0,above,Other
2021-07-01,C/2023 A3 (Tsuchinshan-ATLAS),0,0,-4,below,C/2023 A3
2021-07-01,12P/Pons-Brooks,0,1,3,above,12P
2021-07-01,29P/Schwassmann-Wachmann,2,2,-1,below,29P
2021-07-01,C/2017 K2 (PANSTARRS),59,3,-2,below,C/2017 K2
2021-07-01,C/2022 E3 (ZTF),0,4,-3,below,C/2022 E3
2021-07-01,C/2020 V2 (ZTF),4,5,2,above,C/2020 V2
2021-07-01,C/2019 L3 (ATLAS),12,6,1,above,C/2019 L3
2021-07-01,C/2025 A6 (Lemmon),0,7,4,above,C/2025 A6
2021-07-01,Other,353,8,0,above,Other
2021-08-01,C/2023 A3 (Tsuchinshan-ATLAS),0,0,-4,below,C/2023 A3
2021-08-01,12P/Pons-Brooks,0,1,3,above,12P
2021-08-01,29P/Schwassmann-Wachmann,21,2,-1,below,29P
2021-08-01,C/2017 K2 (PANSTARRS),80,3,-2,below,C/2017 K2
2021-08-01,C/2022 E3 (ZTF),0,4,-3,below,C/2022 E3
2021-08-01,C/2020 V2 (ZTF),2,5,2,above,C/2020 V2
2021-08-01,C/2019 L3 (ATLAS),28,6,1,above,C/2019 L3
2021-08-01,C/2025 A6 (Lemmon),0,7,4,above,C/2025 A6
2021-08-01,Other,370,8,0,above,Other
2021-09-01,C/2023 A3 (Tsuchinshan-ATLAS),0,0,-4,below,C/2023 A3
2021-09-01,12P/Pons-Brooks,0,1,3,above,12P
2021-09-01,29P/Schwassmann-Wachmann,55,2,-1,below,29P
2021-09-01,C/2017 K2 (PANSTARRS),92,3,-2,below,C/2017 K2
2021-09-01,C/2022 E3 (ZTF),0,4,-3,below,C/2022 E3
2021-09-01,C/2020 V2 (ZTF),2,5,2,above,C/2020 V2
2021-09-01,C/2019 L3 (ATLAS),68,6,1,above,C/2019 L3
2021-09-01,C/2025 A6 (Lemmon),0,7,4,above,C/2025 A6
2021-09-01,Other,554,8,0,above,Other
2021-10-01,C/2023 A3 (Tsuchinshan-ATLAS),0,0,-4,below,C/2023 A3
2021-10-01,12P/Pons-Brooks,0,1,3,above,12P
2021-10-01,29P/Schwassmann-Wachmann,190,2,-1,below,29P
2021-10-01,C/2017 K2 (PANSTARRS),59,3,-2,below,C/2017 K2
2021-10-01,C/2022 E3 (ZTF),0,4,-3,below,C/2022 E3
2021-10-01,C/2020 V2 (ZTF),2,5,2,above,C/2020 V2
2021-10-01,C/2019 L3 (ATLAS),85,6,1,above,C/2019 L3
2021-10-01,C/2025 A6 (Lemmon),0,7,4,above,C/2025 A6
2021-10-01,Other,555,8,0,above,Other
2021-11-01,C/2023 A3 (Tsuchinshan-ATLAS),0,0,-4,below,C/2023 A3
2021-11-01,12P/Pons-Brooks,0,1,3,above,12P
2021-11-01,29P/Schwassmann-Wachmann,99,2,-1,below,29P
2021-11-01,C/2017 K2 (PANSTARRS),17,3,-2,below,C/2017 K2
2021-11-01,C/2022 E3 (ZTF),0,4,-3,below,C/2022 E3
2021-11-01,C/2020 V2 (ZTF),6,5,2,above,C/2020 V2
2021-11-01,C/2019 L3 (ATLAS),86,6,1,above,C/2019 L3
2021-11-01,C/2025 A6 (Lemmon),0,7,4,above,C/2025 A6
2021-11-01,Other,497,8,0,above,Other
2021-12-01,C/2023 A3 (Tsuchinshan-ATLAS),0,0,-4,below,C/2023 A3
2021-12-01,12P/Pons-Brooks,0,1,3,above,12P
2021-12-01,29P/Schwassmann-Wachmann,34,2,-1,below,29P
2021-12-01,C/2017 K2 (PANSTARRS),3,3,-2,below,C/2017 K2
2021-12-01,C/2022 E3 (ZTF),0,4,-3,below,C/2022 E3
2021-12-01,C/2020 V2 (ZTF),2,5,2,above,C/2020 V2
2021-12-01,C/2019 L3 (ATLAS),103,6,1,above,C/2019 L3
2021-12-01,C/2025 A6 (Lemmon),0,7,4,above,C/2025 A6
2021-12-01,Other,776,8,0,above,Other
2022-01-01,C/2023 A3 (Tsuchinshan-ATLAS),0,0,-4,below,C/2023 A3
2022-01-01,12P/Pons-Brooks,0,1,3,above,12P
2022-01-01,29P/Schwassmann-Wachmann,21,2,-1,below,29P
2022-01-01,C/2017 K2 (PANSTARRS),15,3,-2,below,C/2017 K2
2022-01-01,C/2022 E3 (ZTF),0,4,-3,below,C/2022 E3
2022-01-01,C/2020 V2 (ZTF),11,5,2,above,C/2020 V2
2022-01-01,C/2019 L3 (ATLAS),130,6,1,above,C/2019 L3
2022-01-01,C/2025 A6 (Lemmon),0,7,4,above,C/2025 A6
2022-01-01,Other,581,8,0,above,Other
2022-02-01,C/2023 A3 (Tsuchinshan-ATLAS),0,0,-4,below,C/2023 A3
2022-02-01,12P/Pons-Brooks,0,1,3,above,12P
2022-02-01,29P/Schwassmann-Wachmann,19,2,-1,below,29P
2022-02-01,C/2017 K2 (PANSTARRS),27,3,-2,below,C/2017 K2
2022-02-01,C/2022 E3 (ZTF),0,4,-3,below,C/2022 E3
2022-02-01,C/2020 V2 (ZTF),23,5,2,above,C/2020 V2
2022-02-01,C/2019 L3 (ATLAS),129,6,1,above,C/2019 L3
2022-02-01,C/2025 A6 (Lemmon),0,7,4,above,C/2025 A6
2022-02-01,Other,534,8,0,above,Other
2022-03-01,C/2023 A3 (Tsuchinshan-ATLAS),0,0,-4,below,C/2023 A3
2022-03-01,12P/Pons-Brooks,0,1,3,above,12P
2022-03-01,29P/Schwassmann-Wachmann,16,2,-1,below,29P
2022-03-01,C/2017 K2 (PANSTARRS),44,3,-2,below,C/2017 K2
2022-03-01,C/2022 E3 (ZTF),8,4,-3,below,C/2022 E3
2022-03-01,C/2020 V2 (ZTF),41,5,2,above,C/2020 V2
2022-03-01,C/2019 L3 (ATLAS),147,6,1,above,C/2019 L3
2022-03-01,C/2025 A6 (Lemmon),0,7,4,above,C/2025 A6
2022-03-01,Other,647,8,0,above,Other
2022-04-01,C/2023 A3 (Tsuchinshan-ATLAS),0,0,-4,below,C/2023 A3
2022-04-01,12P/Pons-Brooks,0,1,3,above,12P
2022-04-01,29P/Schwassmann-Wachmann,3,2,-1,below,29P
2022-04-01,C/2017 K2 (PANSTARRS),44,3,-2,below,C/2017 K2
2022-04-01,C/2022 E3 (ZTF),22,4,-3,below,C/2022 E3
2022-04-01,C/2020 V2 (ZTF),33,5,2,above,C/2020 V2
2022-04-01,C/2019 L3 (ATLAS),83,6,1,above,C/2019 L3
2022-04-01,C/2025 A6 (Lemmon),0,7,4,above,C/2025 A6
2022-04-01,Other,351,8,0,above,Other
2022-05-01,C/2023 A3 (Tsuchinshan-ATLAS),0,0,-4,below,C/2023 A3
2022-05-01,12P/Pons-Brooks,0,1,3,above,12P
2022-05-01,29P/Schwassmann-Wachmann,0,2,-1,below,29P
2022-05-01,C/2017 K2 (PANSTARRS),101,3,-2,below,C/2017 K2
2022-05-01,C/2022 E3 (ZTF),26,4,-3,below,C/2022 E3
2022-05-01,C/2020 V2 (ZTF),38,5,2,above,C/2020 V2
2022-05-01,C/2019 L3 (ATLAS),36,6,1,above,C/2019 L3
2022-05-01,C/2025 A6 (Lemmon),0,7,4,above,C/2025 A6
2022-05-01,Other,417,8,0,above,Other
2022-06-01,C/2023 A3 (Tsuchinshan-ATLAS),0,0,-4,below,C/2023 A3
2022-06-01,12P/Pons-Brooks,2,1,3,above,12P
2022-06-01,29P/Schwassmann-Wachmann,0,2,-1,below,29P
2022-06-01,C/2017 K2 (PANSTARRS),170,3,-2,below,C/2017 K2
2022-06-01,C/2022 E3 (ZTF),36,4,-3,below,C/2022 E3
2022-06-01,C/2020 V2 (ZTF),12,5,2,above,C/2020 V2
2022-06-01,C/2019 L3 (ATLAS),2,6,1,above,C/2019 L3
2022-06-01,C/2025 A6 (Lemmon),0,7,4,above,C/2025 A6
2022-06-01,Other,304,8,0,above,Other
2022-07-01,C/2023 A3 (Tsuchinshan-ATLAS),0,0,-4,below,C/2023 A3
2022-07-01,12P/Pons-Brooks,1,1,3,above,12P
2022-07-01,29P/Schwassmann-Wachmann,0,2,-1,below,29P
2022-07-01,C/2017 K2 (PANSTARRS),247,3,-2,below,C/2017 K2
2022-07-01,C/2022 E3 (ZTF),77,4,-3,below,C/2022 E3
2022-07-01,C/2020 V2 (ZTF),16,5,2,above,C/2020 V2
2022-07-01,C/2019 L3 (ATLAS),0,6,1,above,C/2019 L3
2022-07-01,C/2025 A6 (Lemmon),0,7,4,above,C/2025 A6
2022-07-01,Other,289,8,0,above,Other
2022-08-01,C/2023 A3 (Tsuchinshan-ATLAS),0,0,-4,below,C/2023 A3
2022-08-01,12P/Pons-Brooks,0,1,3,above,12P
2022-08-01,29P/Schwassmann-Wachmann,14,2,-1,below,29P
2022-08-01,C/2017 K2 (PANSTARRS),120,3,-2,below,C/2017 K2
2022-08-01,C/2022 E3 (ZTF),134,4,-3,below,C/2022 E3
2022-08-01,C/2020 V2 (ZTF),25,5,2,above,C/2020 V2
2022-08-01,C/2019 L3 (ATLAS),0,6,1,above,C/2019 L3
2022-08-01,C/2025 A6 (Lemmon),0,7,4,above,C/2025 A6
2022-08-01,Other,428,8,0,above,Other
2022-09-01,C/2023 A3 (Tsuchinshan-ATLAS),0,0,-4,below,C/2023 A3
2022-09-01,12P/Pons-Brooks,6,1,3,above,12P
2022-09-01,29P/Schwassmann-Wachmann,11,2,-1,below,29P
2022-09-01,C/2017 K2 (PANSTARRS),33,3,-2,below,C/2017 K2
2022-09-01,C/2022 E3 (ZTF),90,4,-3,below,C/2022 E3
2022-09-01,C/2020 V2 (ZTF),31,5,2,above,C/2020 V2
2022-09-01,C/2019 L3 (ATLAS),2,6,1,above,C/2019 L3
2022-09-01,C/2025 A6 (Lemmon),0,7,4,above,C/2025 A6
2022-09-01,Other,303,8,0,above,Other
2022-10-01,C/2023 A3 (Tsuchinshan-ATLAS),0,0,-4,below,C/2023 A3
2022-10-01,12P/Pons-Brooks,1,1,3,above,12P
2022-10-01,29P/Schwassmann-Wachmann,31,2,-1,below,29P
2022-10-01,C/2017 K2 (PANSTARRS),32,3,-2,below,C/2017 K2
2022-10-01,C/2022 E3 (ZTF),80,4,-3,below,C/2022 E3
2022-10-01,C/2020 V2 (ZTF),62,5,2,above,C/2020 V2
2022-10-01,C/2019 L3 (ATLAS),15,6,1,above,C/2019 L3
2022-10-01,C/2025 A6 (Lemmon),0,7,4,above,C/2025 A6
2022-10-01,Other,371,8,0,above,Other
2022-11-01,C/2023 A3 (Tsuchinshan-ATLAS),0,0,-4,below,C/2023 A3
2022-11-01,12P/Pons-Brooks,2,1,3,above,12P
2022-11-01,29P/Schwassmann-Wachmann,45,2,-1,below,29P
2022-11-01,C/2017 K2 (PANSTARRS),18,3,-2,below,C/2017 K2
2022-11-01,C/2022 E3 (ZTF),48,4,-3,below,C/2022 E3
2022-11-01,C/2020 V2 (ZTF),82,5,2,above,C/2020 V2
2022-11-01,C/2019 L3 (ATLAS),27,6,1,above,C/2019 L3
2022-11-01,C/2025 A6 (Lemmon),0,7,4,above,C/2025 A6
2022-11-01,Other,298,8,0,above,Other
2022-12-01,C/2023 A3 (Tsuchinshan-ATLAS),0,0,-4,below,C/2023 A3
2022-12-01,12P/Pons-Brooks,0,1,3,above,12P
2022-12-01,29P/Schwassmann-Wachmann,83,2,-1,below,29P
2022-12-01,C/2017 K2 (PANSTARRS),4,3,-2,below,C/2017 K2
2022-12-01,C/2022 E3 (ZTF),99,4,-3,below,C/2022 E3
2022-12-01,C/2020 V2 (ZTF),107,5,2,above,C/2020 V2
2022-12-01,C/2019 L3 (ATLAS),34,6,1,above,C/2019 L3
2022-12-01,C/2025 A6 (Lemmon),0,7,4,above,C/2025 A6
2022-12-01,Other,299,8,0,above,Other
2023-01-01,C/2023 A3 (Tsuchinshan-ATLAS),0,0,-4,below,C/2023 A3
2023-01-01,12P/Pons-Brooks,0,1,3,above,12P
2023-01-01,29P/Schwassmann-Wachmann,54,2,-1,below,29P
2023-01-01,C/2017 K2 (PANSTARRS),19,3,-2,below,C/2017 K2
2023-01-01,C/2022 E3 (ZTF),370,4,-3,below,C/2022 E3
2023-01-01,C/2020 V2 (ZTF),123,5,2,above,C/2020 V2
2023-01-01,C/2019 L3 (ATLAS),4,6,1,above,C/2019 L3
2023-01-01,C/2025 A6 (Lemmon),0,7,4,above,C/2025 A6
2023-01-01,Other,388,8,0,above,Other
2023-02-01,C/2023 A3 (Tsuchinshan-ATLAS),8,0,-4,below,C/2023 A3
2023-02-01,12P/Pons-Brooks,1,1,3,above,12P
2023-02-01,29P/Schwassmann-Wachmann,43,2,-1,below,29P
2023-02-01,C/2017 K2 (PANSTARRS),18,3,-2,below,C/2017 K2
2023-02-01,C/2022 E3 (ZTF),432,4,-3,below,C/2022 E3
2023-02-01,C/2020 V2 (ZTF),93,5,2,above,C/2020 V2
2023-02-01,C/2019 L3 (ATLAS),12,6,1,above,C/2019 L3
2023-02-01,C/2025 A6 (Lemmon),0,7,4,above,C/2025 A6
2023-02-01,Other,538,8,0,above,Other
2023-03-01,C/2023 A3 (Tsuchinshan-ATLAS),18,0,-4,below,C/2023 A3
2023-03-01,12P/Pons-Brooks,4,1,3,above,12P
2023-03-01,29P/Schwassmann-Wachmann,22,2,-1,below,29P
2023-03-01,C/2017 K2 (PANSTARRS),23,3,-2,below,C/2017 K2
2023-03-01,C/2022 E3 (ZTF),95,4,-3,below,C/2022 E3
2023-03-01,C/2020 V2 (ZTF),56,5,2,above,C/2020 V2
2023-03-01,C/2019 L3 (ATLAS),22,6,1,above,C/2019 L3
2023-03-01,C/2025 A6 (Lemmon),0,7,4,above,C/2025 A6
2023-03-01,Other,469,8,0,above,Other
2023-04-01,C/2023 A3 (Tsuchinshan-ATLAS),30,0,-4,below,C/2023 A3
2023-04-01,12P/Pons-Brooks,6,1,3,above,12P
2023-04-01,29P/Schwassmann-Wachmann,26,2,-1,below,29P
2023-04-01,C/2017 K2 (PANSTARRS),19,3,-2,below,C/2017 K2
2023-04-01,C/2022 E3 (ZTF),20,4,-3,below,C/2022 E3
2023-04-01,C/2020 V2 (ZTF),7,5,2,above,C/2020 V2
2023-04-01,C/2019 L3 (ATLAS),18,6,1,above,C/2019 L3
2023-04-01,C/2025 A6 (Lemmon),0,7,4,above,C/2025 A6
2023-04-01,Other,441,8,0,above,Other
2023-05-01,C/2023 A3 (Tsuchinshan-ATLAS),35,0,-4,below,C/2023 A3
2023-05-01,12P/Pons-Brooks,10,1,3,above,12P
2023-05-01,29P/Schwassmann-Wachmann,3,2,-1,below,29P
2023-05-01,C/2017 K2 (PANSTARRS),7,3,-2,below,C/2017 K2
2023-05-01,C/2022 E3 (ZTF),2,4,-3,below,C/2022 E3
2023-05-01,C/2020 V2 (ZTF),0,5,2,above,C/2020 V2
2023-05-01,C/2019 L3 (ATLAS),23,6,1,above,C/2019 L3
2023-05-01,C/2025 A6 (Lemmon),0,7,4,above,C/2025 A6
2023-05-01,Other,451,8,0,above,Other
2023-06-01,C/2023 A3 (Tsuchinshan-ATLAS),37,0,-4,below,C/2023 A3
2023-06-01,12P/Pons-Brooks,21,1,3,above,12P
2023-06-01,29P/Schwassmann-Wachmann,0,2,-1,below,29P
2023-06-01,C/2017 K2 (PANSTARRS),1,3,-2,below,C/2017 K2
2023-06-01,C/2022 E3 (ZTF),1,4,-3,below,C/2022 E3
2023-06-01,C/2020 V2 (ZTF),18,5,2,above,C/2020 V2
2023-06-01,C/2019 L3 (ATLAS),5,6,1,above,C/2019 L3
2023-06-01,C/2025 A6 (Lemmon),0,7,4,above,C/2025 A6
2023-06-01,Other,470,8,0,above,Other
2023-07-01,C/2023 A3 (Tsuchinshan-ATLAS),15,0,-4,below,C/2023 A3
2023-07-01,12P/Pons-Brooks,167,1,3,above,12P
2023-07-01,29P/Schwassmann-Wachmann,0,2,-1,below,29P
2023-07-01,C/2017 K2 (PANSTARRS),2,3,-2,below,C/2017 K2
2023-07-01,C/2022 E3 (ZTF),1,4,-3,below,C/2022 E3
2023-07-01,C/2020 V2 (ZTF),47,5,2,above,C/2020 V2
2023-07-01,C/2019 L3 (ATLAS),2,6,1,above,C/2019 L3
2023-07-01,C/2025 A6 (Lemmon),0,7,4,above,C/2025 A6
2023-07-01,Other,536,8,0,above,Other
2023-08-01,C/2023 A3 (Tsuchinshan-ATLAS),13,0,-4,below,C/2023 A3
2023-08-01,12P/Pons-Brooks,147,1,3,above,12P
2023-08-01,29P/Schwassmann-Wachmann,13,2,-1,below,29P
2023-08-01,C/2017 K2 (PANSTARRS),4,3,-2,below,C/2017 K2
2023-08-01,C/2022 E3 (ZTF),1,4,-3,below,C/2022 E3
2023-08-01,C/2020 V2 (ZTF),84,5,2,above,C/2020 V2
2023-08-01,C/2019 L3 (ATLAS),0,6,1,above,C/2019 L3
2023-08-01,C/2025 A6 (Lemmon),0,7,4,above,C/2025 A6
2023-08-01,Other,859,8,0,above,Other
2023-09-01,C/2023 A3 (Tsuchinshan-ATLAS),4,0,-4,below,C/2023 A3
2023-09-01,12P/Pons-Brooks,89,1,3,above,12P
2023-09-01,29P/Schwassmann-Wachmann,20,2,-1,below,29P
2023-09-01,C/2017 K2 (PANSTARRS),21,3,-2,below,C/2017 K2
2023-09-01,C/2022 E3 (ZTF),1,4,-3,below,C/2022 E3
2023-09-01,C/2020 V2 (ZTF),59,5,2,above,C/2020 V2
2023-09-01,C/2019 L3 (ATLAS),0,6,1,above,C/2019 L3
2023-09-01,C/2025 A6 (Lemmon),0,7,4,above,C/2025 A6
2023-09-01,Other,922,8,0,above,Other
2023-10-01,C/2023 A3 (Tsuchinshan-ATLAS),0,0,-4,below,C/2023 A3
2023-10-01,12P/Pons-Brooks,133,1,3,above,12P
2023-10-01,29P/Schwassmann-Wachmann,11,2,-1,below,29P
2023-10-01,C/2017 K2 (PANSTARRS),38,3,-2,below,C/2017 K2
2023-10-01,C/2022 E3 (ZTF),3,4,-3,below,C/2022 E3
2023-10-01,C/2020 V2 (ZTF),25,5,2,above,C/2020 V2
2023-10-01,C/2019 L3 (ATLAS),0,6,1,above,C/2019 L3
2023-10-01,C/2025 A6 (Lemmon),0,7,4,above,C/2025 A6
2023-10-01,Other,570,8,0,above,Other
2023-11-01,C/2023 A3 (Tsuchinshan-ATLAS),1,0,-4,below,C/2023 A3
2023-11-01,12P/Pons-Brooks,197,1,3,above,12P
2023-11-01,29P/Schwassmann-Wachmann,11,2,-1,below,29P
2023-11-01,C/2017 K2 (PANSTARRS),31,3,-2,below,C/2017 K2
2023-11-01,C/2022 E3 (ZTF),0,4,-3,below,C/2022 E3
2023-11-01,C/2020 V2 (ZTF),6,5,2,above,C/2020 V2
2023-11-01,C/2019 L3 (ATLAS),0,6,1,above,C/2019 L3
2023-11-01,C/2025 A6 (Lemmon),0,7,4,above,C/2025 A6
2023-11-01,Other,503,8,0,above,Other
2023-12-01,C/2023 A3 (Tsuchinshan-ATLAS),16,0,-4,below,C/2023 A3
2023-12-01,12P/Pons-Brooks,153,1,3,above,12P
2023-12-01,29P/Schwassmann-Wachmann,50,2,-1,below,29P
2023-12-01,C/2017 K2 (PANSTARRS),49,3,-2,below,C/2017 K2
2023-12-01,C/2022 E3 (ZTF),1,4,-3,below,C/2022 E3
2023-12-01,C/2020 V2 (ZTF),35,5,2,above,C/2020 V2
2023-12-01,C/2019 L3 (ATLAS),0,6,1,above,C/2019 L3
2023-12-01,C/2025 A6 (Lemmon),0,7,4,above,C/2025 A6
2023-12-01,Other,603,8,0,above,Other
2024-01-01,C/2023 A3 (Tsuchinshan-ATLAS),36,0,-4,below,C/2023 A3
2024-01-01,12P/Pons-Brooks,199,1,3,above,12P
2024-01-01,29P/Schwassmann-Wachmann,74,2,-1,below,29P
2024-01-01,C/2017 K2 (PANSTARRS),81,3,-2,below,C/2017 K2
2024-01-01,C/2022 E3 (ZTF),0,4,-3,below,C/2022 E3
2024-01-01,C/2020 V2 (ZTF),12,5,2,above,C/2020 V2
2024-01-01,C/2019 L3 (ATLAS),6,6,1,above,C/2019 L3
2024-01-01,C/2025 A6 (Lemmon),0,7,4,above,C/2025 A6
2024-01-01,Other,750,8,0,above,Other
2024-02-01,C/2023 A3 (Tsuchinshan-ATLAS),31,0,-4,below,C/2023 A3
2024-02-01,12P/Pons-Brooks,186,1,3,above,12P
2024-02-01,29P/Schwassmann-Wachmann,53,2,-1,below,29P
2024-02-01,C/2017 K2 (PANSTARRS),32,3,-2,below,C/2017 K2
2024-02-01,C/2022 E3 (ZTF),1,4,-3,below,C/2022 E3
2024-02-01,C/2020 V2 (ZTF),2,5,2,above,C/2020 V2
2024-02-01,C/2019 L3 (ATLAS),1,6,1,above,C/2019 L3
2024-02-01,C/2025 A6 (Lemmon),0,7,4,above,C/2025 A6
2024-02-01,Other,475,8,0,above,Other
2024-03-01,C/2023 A3 (Tsuchinshan-ATLAS),80,0,-4,below,C/2023 A3
2024-03-01,12P/Pons-Brooks,422,1,3,above,12P
2024-03-01,29P/Schwassmann-Wachmann,50,2,-1,below,29P
2024-03-01,C/2017 K2 (PANSTARRS),40,3,-2,below,C/2017 K2
2024-03-01,C/2022 E3 (ZTF),0,4,-3,below,C/2022 E3
2024-03-01,C/2020 V2 (ZTF),1,5,2,above,C/2020 V2
2024-03-01,C/2019 L3 (ATLAS),1,6,1,above,C/2019 L3
2024-03-01,C/2025 A6 (Lemmon),0,7,4,above,C/2025 A6
2024-03-01,Other,629,8,0,above,Other
2024-04-01,C/2023 A3 (Tsuchinshan-ATLAS),237,0,-4,below,C/2023 A3
2024-04-01,12P/Pons-Brooks,248,1,3,above,12P
2024-04-01,29P/Schwassmann-Wachmann,41,2,-1,below,29P
2024-04-01,C/2017 K2 (PANSTARRS),7,3,-2,below,C/2017 K2
2024-04-01,C/2022 E3 (ZTF),0,4,-3,below,C/2022 E3
2024-04-01,C/2020 V2 (ZTF),1,5,2,above,C/2020 V2
2024-04-01,C/2019 L3 (ATLAS),0,6,1,above,C/2019 L3
2024-04-01,C/2025 A6 (Lemmon),0,7,4,above,C/2025 A6
2024-04-01,Other,490,8,0,above,Other
2024-05-01,C/2023 A3 (Tsuchinshan-ATLAS),362,0,-4,below,C/2023 A3
2024-05-01,12P/Pons-Brooks,110,1,3,above,12P
2024-05-01,29P/Schwassmann-Wachmann,30,2,-1,below,29P
2024-05-01,C/2017 K2 (PANSTARRS),0,3,-2,below,C/2017 K2
2024-05-01,C/2022 E3 (ZTF),0,4,-3,below,C/2022 E3
2024-05-01,C/2020 V2 (ZTF),11,5,2,above,C/2020 V2
2024-05-01,C/2019 L3 (ATLAS),0,6,1,above,C/2019 L3
2024-05-01,C/2025 A6 (Lemmon),0,7,4,above,C/2025 A6
2024-05-01,Other,464,8,0,above,Other
2024-06-01,C/2023 A3 (Tsuchinshan-ATLAS),188,0,-4,below,C/2023 A3
2024-06-01,12P/Pons-Brooks,74,1,3,above,12P
2024-06-01,29P/Schwassmann-Wachmann,5,2,-1,below,29P
2024-06-01,C/2017 K2 (PANSTARRS),0,3,-2,below,C/2017 K2
2024-06-01,C/2022 E3 (ZTF),0,4,-3,below,C/2022 E3
2024-06-01,C/2020 V2 (ZTF),12,5,2,above,C/2020 V2
2024-06-01,C/2019 L3 (ATLAS),2,6,1,above,C/2019 L3
2024-06-01,C/2025 A6 (Lemmon),0,7,4,above,C/2025 A6
2024-06-01,Other,438,8,0,above,Other
2024-07-01,C/2023 A3 (Tsuchinshan-ATLAS),96,0,-4,below,C/2023 A3
2024-07-01,12P/Pons-Brooks,45,1,3,above,12P
2024-07-01,29P/Schwassmann-Wachmann,0,2,-1,below,29P
2024-07-01,C/2017 K2 (PANSTARRS),0,3,-2,below,C/2017 K2
2024-07-01,C/2022 E3 (ZTF),0,4,-3,below,C/2022 E3
2024-07-01,C/2020 V2 (ZTF),22,5,2,above,C/2020 V2
2024-07-01,C/2019 L3 (ATLAS),0,6,1,above,C/2019 L3
2024-07-01,C/2025 A6 (Lemmon),0,7,4,above,C/2025 A6
2024-07-01,Other,575,8,0,above,Other
2024-08-01,C/2023 A3 (Tsuchinshan-ATLAS),24,0,-4,below,C/2023 A3
2024-08-01,12P/Pons-Brooks,30,1,3,above,12P
2024-08-01,29P/Schwassmann-Wachmann,0,2,-1,below,29P
2024-08-01,C/2017 K2 (PANSTARRS),1,3,-2,below,C/2017 K2
2024-08-01,C/2022 E3 (ZTF),0,4,-3,below,C/2022 E3
2024-08-01,C/2020 V2 (ZTF),19,5,2,above,C/2020 V2
2024-08-01,C/2019 L3 (ATLAS),1,6,1,above,C/2019 L3
2024-08-01,C/2025 A6 (Lemmon),0,7,4,above,C/2025 A6
2024-08-01,Other,734,8,0,above,Other
2024-09-01,C/2023 A3 (Tsuchinshan-ATLAS),142,0,-4,below,C/2023 A3
2024-09-01,12P/Pons-Brooks,18,1,3,above,12P
2024-09-01,29P/Schwassmann-Wachmann,0,2,-1,below,29P
2024-09-01,C/2017 K2 (PANSTARRS),6,3,-2,below,C/2017 K2
2024-09-01,C/2022 E3 (ZTF),0,4,-3,below,C/2022 E3
2024-09-01,C/2020 V2 (ZTF),4,5,2,above,C/2020 V2
2024-09-01,C/2019 L3 (ATLAS),0,6,1,above,C/2019 L3
2024-09-01,C/2025 A6 (Lemmon),0,7,4,above,C/2025 A6
2024-09-01,Other,475,8,0,above,Other
2024-10-01,C/2023 A3 (Tsuchinshan-ATLAS),873,0,-4,below,C/2023 A3
2024-10-01,12P/Pons-Brooks,0,1,3,above,12P
2024-10-01,29P/Schwassmann-Wachmann,5,2,-1,below,29P
2024-10-01,C/2017 K2 (PANSTARRS),20,3,-2,below,C/2017 K2
2024-10-01,C/2022 E3 (ZTF),0,4,-3,below,C/2022 E3
2024-10-01,C/2020 V2 (ZTF),14,5,2,above,C/2020 V2
2024-10-01,C/2019 L3 (ATLAS),0,6,1,above,C/2019 L3
2024-10-01,C/2025 A6 (Lemmon),0,7,4,above,C/2025 A6
2024-10-01,Other,581,8,0,above,Other
2024-11-01,C/2023 A3 (Tsuchinshan-ATLAS),366,0,-4,below,C/2023 A3
2024-11-01,12P/Pons-Brooks,0,1,3,above,12P
2024-11-01,29P/Schwassmann-Wachmann,52,2,-1,below,29P
2024-11-01,C/2017 K2 (PANSTARRS),13,3,-2,below,C/2017 K2
2024-11-01,C/2022 E3 (ZTF),0,4,-3,below,C/2022 E3
2024-11-01,C/2020 V2 (ZTF),8,5,2,above,C/2020 V2
2024-11-01,C/2019 L3 (ATLAS),0,6,1,above,C/2019 L3
2024-11-01,C/2025 A6 (Lemmon),0,7,4,above,C/2025 A6
2024-11-01,Other,429,8,0,above,Other
2024-12-01,C/2023 A3 (Tsuchinshan-ATLAS),131,0,-4,below,C/2023 A3
2024-12-01,12P/Pons-Brooks,0,1,3,above,12P
2024-12-01,29P/Schwassmann-Wachmann,66,2,-1,below,29P
2024-12-01,C/2017 K2 (PANSTARRS),26,3,-2,below,C/2017 K2
2024-12-01,C/2022 E3 (ZTF),0,4,-3,below,C/2022 E3
2024-12-01,C/2020 V2 (ZTF),6,5,2,above,C/2020 V2
2024-12-01,C/2019 L3 (ATLAS),0,6,1,above,C/2019 L3
2024-12-01,C/2025 A6 (Lemmon),0,7,4,above,C/2025 A6
2024-12-01,Other,538,8,0,above,Other
2025-01-01,C/2023 A3 (Tsuchinshan-ATLAS),11,0,-4,below,C/2023 A3
2025-01-01,12P/Pons-Brooks,1,1,3,above,12P
2025-01-01,29P/Schwassmann-Wachmann,78,2,-1,below,29P
2025-01-01,C/2017 K2 (PANSTARRS),27,3,-2,below,C/2017 K2
2025-01-01,C/2022 E3 (ZTF),0,4,-3,below,C/2022 E3
2025-01-01,C/2020 V2 (ZTF),0,5,2,above,C/2020 V2
2025-01-01,C/2019 L3 (ATLAS),0,6,1,above,C/2019 L3
2025-01-01,C/2025 A6 (Lemmon),0,7,4,above,C/2025 A6
2025-01-01,Other,666,8,0,above,Other
2025-02-01,C/2023 A3 (Tsuchinshan-ATLAS),19,0,-4,below,C/2023 A3
2025-02-01,12P/Pons-Brooks,1,1,3,above,12P
2025-02-01,29P/Schwassmann-Wachmann,136,2,-1,below,29P
2025-02-01,C/2017 K2 (PANSTARRS),18,3,-2,below,C/2017 K2
2025-02-01,C/2022 E3 (ZTF),0,4,-3,below,C/2022 E3
2025-02-01,C/2020 V2 (ZTF),0,5,2,above,C/2020 V2
2025-02-01,C/2019 L3 (ATLAS),0,6,1,above,C/2019 L3
2025-02-01,C/2025 A6 (Lemmon),1,7,4,above,C/2025 A6
2025-02-01,Other,387,8,0,above,Other
2025-03-01,C/2023 A3 (Tsuchinshan-ATLAS),29,0,-4,below,C/2023 A3
2025-03-01,12P/Pons-Brooks,3,1,3,above,12P
2025-03-01,29P/Schwassmann-Wachmann,141,2,-1,below,29P
2025-03-01,C/2017 K2 (PANSTARRS),26,3,-2,below,C/2017 K2
2025-03-01,C/2022 E3 (ZTF),0,4,-3,below,C/2022 E3
2025-03-01,C/2020 V2 (ZTF),0,5,2,above,C/2020 V2
2025-03-01,C/2019 L3 (ATLAS),0,6,1,above,C/2019 L3
2025-03-01,C/2025 A6 (Lemmon),1,7,4,above,C/2025 A6
2025-03-01,Other,562,8,0,above,Other
2025-04-01,C/2023 A3 (Tsuchinshan-ATLAS),37,0,-4,below,C/2023 A3
2025-04-01,12P/Pons-Brooks,0,1,3,above,12P
2025-04-01,29P/Schwassmann-Wachmann,112,2,-1,below,29P
2025-04-01,C/2017 K2 (PANSTARRS),13,3,-2,below,C/2017 K2
2025-04-01,C/2022 E3 (ZTF),0,4,-3,below,C/2022 E3
2025-04-01,C/2020 V2 (ZTF),1,5,2,above,C/2020 V2
2025-04-01,C/2019 L3 (ATLAS),0,6,1,above,C/2019 L3
2025-04-01,C/2025 A6 (Lemmon),0,7,4,above,C/2025 A6
2025-04-01,Other,639,8,0,above,Other
2025-05-01,C/2023 A3 (Tsuchinshan-ATLAS),31,0,-4,below,C/2023 A3
2025-05-01,12P/Pons-Brooks,1,1,3,above,12P
2025-05-01,29P/Schwassmann-Wachmann,81,2,-1,below,29P
2025-05-01,C/2017 K2 (PANSTARRS),0,3,-2,below,C/2017 K2
2025-05-01,C/2022 E3 (ZTF),0,4,-3,below,C/2022 E3
2025-05-01,C/2020 V2 (ZTF),4,5,2,above,C/2020 V2
2025-05-01,C/2019 L3 (ATLAS),0,6,1,above,C/2019 L3
2025-05-01,C/2025 A6 (Lemmon),0,7,4,above,C/2025 A6
2025-05-01,Other,303,8,0,above,Other
2025-06-01,C/2023 A3 (Tsuchinshan-ATLAS),29,0,-4,below,C/2023 A3
2025-06-01,12P/Pons-Brooks,0,1,3,above,12P
2025-06-01,29P/Schwassmann-Wachmann,24,2,-1,below,29P
2025-06-01,C/2017 K2 (PANSTARRS),0,3,-2,below,C/2017 K2
2025-06-01,C/2022 E3 (ZTF),0,4,-3,below,C/2022 E3
2025-06-01,C/2020 V2 (ZTF),2,5,2,above,C/2020 V2
2025-06-01,C/2019 L3 (ATLAS),0,6,1,above,C/2019 L3
2025-06-01,C/2025 A6 (Lemmon),0,7,4,above,C/2025 A6
2025-06-01,Other,335,8,0,above,Other
2025-07-01,C/2023 A3 (Tsuchinshan-ATLAS),28,0,-4,below,C/2023 A3
2025-07-01,12P/Pons-Brooks,0,1,3,above,12P
2025-07-01,29P/Schwassmann-Wachmann,0,2,-1,below,29P
2025-07-01,C/2017 K2 (PANSTARRS),0,3,-2,below,C/2017 K2
2025-07-01,C/2022 E3 (ZTF),0,4,-3,below,C/2022 E3
2025-07-01,C/2020 V2 (ZTF),10,5,2,above,C/2020 V2
2025-07-01,C/2019 L3 (ATLAS),0,6,1,above,C/2019 L3
2025-07-01,C/2025 A6 (Lemmon),0,7,4,above,C/2025 A6
2025-07-01,Other,568,8,0,above,Other
2025-08-01,C/2023 A3 (Tsuchinshan-ATLAS),29,0,-4,below,C/2023 A3
2025-08-01,12P/Pons-Brooks,0,1,3,above,12P
2025-08-01,29P/Schwassmann-Wachmann,0,2,-1,below,29P
2025-08-01,C/2017 K2 (PANSTARRS),2,3,-2,below,C/2017 K2
2025-08-01,C/2022 E3 (ZTF),0,4,-3,below,C/2022 E3
2025-08-01,C/2020 V2 (ZTF),11,5,2,above,C/2020 V2
2025-08-01,C/2019 L3 (ATLAS),0,6,1,above,C/2019 L3
2025-08-01,C/2025 A6 (Lemmon),61,7,4,above,C/2025 A6
2025-08-01,Other,811,8,0,above,Other
2025-09-01,C/2023 A3 (Tsuchinshan-ATLAS),15,0,-4,below,C/2023 A3
2025-09-01,12P/Pons-Brooks,0,1,3,above,12P
2025-09-01,29P/Schwassmann-Wachmann,0,2,-1,below,29P
2025-09-01,C/2017 K2 (PANSTARRS),0,3,-2,below,C/2017 K2
2025-09-01,C/2022 E3 (ZTF),0,4,-3,below,C/2022 E3
2025-09-01,C/2020 V2 (ZTF),7,5,2,above,C/2020 V2
2025-09-01,C/2019 L3 (ATLAS),0,6,1,above,C/2019 L3
2025-09-01,C/2025 A6 (Lemmon),277,7,4,above,C/2025 A6
2025-09-01,Other,676,8,0,above,Other
2025-10-01,C/2023 A3 (Tsuchinshan-ATLAS),7,0,-4,below,C/2023 A3
2025-10-01,12P/Pons-Brooks,0,1,3,above,12P
2025-10-01,29P/Schwassmann-Wachmann,3,2,-1,below,29P
2025-10-01,C/2017 K2 (PANSTARRS),3,3,-2,below,C/2017 K2
2025-10-01,C/2022 E3 (ZTF),0,4,-3,below,C/2022 E3
2025-10-01,C/2020 V2 (ZTF),4,5,2,above,C/2020 V2
2025-10-01,C/2019 L3 (ATLAS),0,6,1,above,C/2019 L3
2025-10-01,C/2025 A6 (Lemmon),638,7,4,above,C/2025 A6
2025-10-01,Other,822,8,0,above,Other
2025-11-01,C/2023 A3 (Tsuchinshan-ATLAS),0,0,-4,below,C/2023 A3
2025-11-01,12P/Pons-Brooks,0,1,3,above,12P
2025-11-01,29P/Schwassmann-Wachmann,14,2,-1,below,29P
2025-11-01,C/2017 K2 (PANSTARRS),2,3,-2,below,C/2017 K2
2025-11-01,C/2022 E3 (ZTF),0,4,-3,below,C/2022 E3
2025-11-01,C/2020 V2 (ZTF),0,5,2,above,C/2020 V2
2025-11-01,C/2019 L3 (ATLAS),0,6,1,above,C/2019 L3
2025-11-01,C/2025 A6 (Lemmon),170,7,4,above,C/2025 A6
2025-11-01,Other,1529,8,0,above,Other
2025-12-01,C/2023 A3 (Tsuchinshan-ATLAS),0,0,-4,below,C/2023 A3
2025-12-01,12P/Pons-Brooks,0,1,3,above,12P
2025-12-01,29P/Schwassmann-Wachmann,66,2,-1,below,29P
2025-12-01,C/2017 K2 (PANSTARRS),5,3,-2,below,C/2017 K2
2025-12-01,C/2022 E3 (ZTF),0,4,-3,below,C/2022 E3
2025-12-01,C/2020 V2 (ZTF),0,5,2,above,C/2020 V2
2025-12-01,C/2019 L3 (ATLAS),0,6,1,above,C/2019 L3
2025-12-01,C/2025 A6 (Lemmon),0,7,4,above,C/2025 A6
2025-12-01,Other,1589,8,0,above,Other
