instrument,aperture_cm,n,obs_total
Binoculars,0.3,1,4689
Binoculars,0.4,2,4689
Binoculars,0.5,2,4689
Binoculars,1.2,4,4689
Binoculars,2.1,1,4689
Binoculars,2.4,1,4689
Binoculars,2.5,8,4689
Binoculars,3.0,60,4689
Binoculars,3.2,5,4689
Binoculars,3.5,11,4689
Binoculars,4.0,140,4689
Binoculars,4.2,193,4689
Binoculars,4.4,25,4689
Binoculars,4.5,1,4689
Binoculars,4.9,1,4689
Binoculars,5.0,1420,4689
Binoculars,5.2,1,4689
Binoculars,5.4,1,4689
Binoculars,5.6,132,4689
Binoculars,6.0,64,4689
Binoculars,6.2,1,4689
Binoculars,6.3,138,4689
Binoculars,6.5,3,4689
Binoculars,7.0,428,4689
Binoculars,7.6,1,4689
Binoculars,7.7,1,4689
Binoculars,8.0,996,4689
Binoculars,10.0,859,4689
Binoculars,11.0,3,4689
Binoculars,12.0,10,4689
Binoculars,12.5,111,4689
Binoculars,12.6,26,4689
Binoculars,13.0,19,4689
Binoculars,20.0,1,4689
Binoculars,20.3,1,4689
Binoculars,28.0,2,4689
Binoculars,29.8,7,4689
Binoculars,31.5,4,4689
Binoculars,53.1,2,4689
Binoculars,70.0,2,4689
Binoculars,80.0,1,4689
Camera lens,0.3,2,1298
Camera lens,0.5,1,1298
Camera lens,0.6,2,1298
Camera lens,0.7,2,1298
Camera lens,0.8,3,1298
Camera lens,1.0,5,1298
Camera lens,1.3,28,1298
Camera lens,1.4,2,1298
Camera lens,1.5,1,1298
Camera lens,1.8,4,1298
Camera lens,2.0,2,1298
Camera lens,2.5,8,1298
Camera lens,2.8,8,1298
Camera lens,2.9,1,1298
Camera lens,3.0,21,1298
Camera lens,3.4,201,1298
Camera lens,3.5,3,1298
Camera lens,3.7,1,1298
Camera lens,3.8,8,1298
Camera lens,3.9,7,1298
Camera lens,4.2,7,1298
Camera lens,4.4,29,1298
Camera lens,4.5,2,1298
Camera lens,4.8,1,1298
Camera lens,5.0,158,1298
Camera lens,5.4,29,1298
Camera lens,5.5,1,1298
Camera lens,5.7,6,1298
Camera lens,5.8,2,1298
Camera lens,6.0,47,1298
Camera lens,6.1,1,1298
Camera lens,6.4,1,1298
Camera lens,6.5,20,1298
Camera lens,6.7,169,1298
Camera lens,6.8,18,1298
Camera lens,7.0,68,1298
Camera lens,7.2,21,1298
Camera lens,7.4,1,1298
Camera lens,7.5,11,1298
Camera lens,7.7,5,1298
Camera lens,8.0,3,1298
Camera lens,9.3,1,1298
Camera lens,10.0,1,1298
Camera lens,10.7,75,1298
Camera lens,11.0,7,1298
Camera lens,13.5,5,1298
Camera lens,14.0,1,1298
Camera lens,17.5,1,1298
Camera lens,20.0,1,1298
Camera lens,21.0,1,1298
Camera lens,30.0,291,1298
Camera lens,35.0,1,1298
Camera lens,48.0,1,1298
Camera lens,50.0,1,1298
Camera lens,50.5,1,1298
Cassegrain reflector,0.4,1,3098
Cassegrain reflector,3.0,4,3098
Cassegrain reflector,5.0,2,3098
Cassegrain reflector,8.0,3,3098
Cassegrain reflector,10.6,1,3098
Cassegrain reflector,12.5,1,3098
Cassegrain reflector,13.5,1,3098
Cassegrain reflector,14.5,1,3098
Cassegrain reflector,16.5,1,3098
Cassegrain reflector,20.0,132,3098
Cassegrain reflector,20.3,1,3098
Cassegrain reflector,25.0,49,3098
Cassegrain reflector,26.0,14,3098
Cassegrain reflector,27.9,1,3098
Cassegrain reflector,28.0,4,3098
Cassegrain reflector,30.0,298,3098
Cassegrain reflector,31.5,2304,3098
Cassegrain reflector,32.0,1,3098
Cassegrain reflector,36.0,1,3098
Cassegrain reflector,36.8,2,3098
Cassegrain reflector,36.9,1,3098
Cassegrain reflector,40.0,1,3098
Cassegrain reflector,43.0,17,3098
Cassegrain reflector,43.1,1,3098
Cassegrain reflector,45.0,4,3098
Cassegrain reflector,50.0,205,3098
Cassegrain reflector,50.3,1,3098
Cassegrain reflector,50.8,1,3098
Cassegrain reflector,51.0,6,3098
Cassegrain reflector,61.0,25,3098
Cassegrain reflector,82.8,2,3098
Cassegrain reflector,100.0,6,3098
Cassegrain reflector,200.0,2,3098
Cassegrain reflector,368.0,1,3098
Cassegrain reflector,400.0,2,3098
Cassegrain reflector,500.0,1,3098
Coronagraph,0.8,358,372
Coronagraph,2.0,14,372
Hyperboloid astro-camera,13.0,42,455
Hyperboloid astro-camera,16.0,4,455
Hyperboloid astro-camera,18.0,4,455
Hyperboloid astro-camera,20.0,1,455
Hyperboloid astro-camera,25.0,16,455
Hyperboloid astro-camera,28.0,1,455
Hyperboloid astro-camera,30.0,5,455
Hyperboloid astro-camera,30.5,376,455
Hyperboloid astro-camera,36.0,1,455
Hyperboloid astro-camera,40.0,4,455
Hyperboloid astro-camera,160.0,1,455
Naked eye,0.0,179,307
Naked eye,0.1,15,307
Naked eye,0.5,6,307
Naked eye,0.6,25,307
Naked eye,0.7,65,307
Naked eye,0.8,7,307
Naked eye,1.0,10,307
Newtonian,5.0,1,23045
Newtonian,9.6,2,23045
Newtonian,10.0,16,23045
Newtonian,10.6,1,23045
Newtonian,10.8,78,23045
Newtonian,11.0,5,23045
Newtonian,11.3,2,23045
Newtonian,11.4,74,23045
Newtonian,12.0,4,23045
Newtonian,12.5,2,23045
Newtonian,12.7,2,23045
Newtonian,12.8,3,23045
Newtonian,13.0,71,23045
Newtonian,13.5,8,23045
Newtonian,14.0,2,23045
Newtonian,15.0,759,23045
Newtonian,15.2,13,23045
Newtonian,15.3,10,23045
Newtonian,15.5,292,23045
Newtonian,18.0,36,23045
Newtonian,19.0,38,23045
Newtonian,19.6,29,23045
Newtonian,19.7,2,23045
Newtonian,19.8,6,23045
Newtonian,20.0,2269,23045
Newtonian,20.3,85,23045
Newtonian,22.0,103,23045
Newtonian,22.1,33,23045
Newtonian,23.0,54,23045
Newtonian,25.0,884,23045
Newtonian,25.2,130,23045
Newtonian,25.3,1,23045
Newtonian,25.4,184,23045
Newtonian,25.6,22,23045
Newtonian,27.0,524,23045
Newtonian,27.9,2272,23045
Newtonian,28.0,124,23045
Newtonian,29.6,1,23045
Newtonian,29.8,318,23045
Newtonian,30.0,4401,23045
Newtonian,30.3,347,23045
Newtonian,30.4,21,23045
Newtonian,30.5,95,23045
Newtonian,31.6,1,23045
Newtonian,31.7,30,23045
Newtonian,31.8,16,23045
Newtonian,32.0,1405,23045
Newtonian,32.6,45,23045
Newtonian,33.0,9,23045
Newtonian,34.0,11,23045
Newtonian,34.9,3,23045
Newtonian,35.0,96,23045
Newtonian,35.3,75,23045
Newtonian,35.5,15,23045
Newtonian,35.6,4,23045
Newtonian,36.0,2,23045
Newtonian,39.7,41,23045
Newtonian,40.0,1133,23045
Newtonian,40.6,75,23045
Newtonian,40.7,1010,23045
Newtonian,41.0,621,23045
Newtonian,43.0,4,23045
Newtonian,43.1,31,23045
Newtonian,44.0,132,23045
Newtonian,44.5,134,23045
Newtonian,45.0,71,23045
Newtonian,46.0,1,23045
Newtonian,50.0,3727,23045
Newtonian,50.8,220,23045
Newtonian,51.0,41,23045
Newtonian,52.0,11,23045
Newtonian,52.7,5,23045
Newtonian,53.1,380,23045
Newtonian,54.0,104,23045
Newtonian,55.6,1,23045
Newtonian,56.0,2,23045
Newtonian,60.0,172,23045
Newtonian,61.0,17,23045
Newtonian,63.5,12,23045
Newtonian,68.0,5,23045
Newtonian,76.0,2,23045
Newtonian,80.0,1,23045
Newtonian,95.0,1,23045
Newtonian,100.0,49,23045
Newtonian,153.0,1,23045
Newtonian,178.0,1,23045
Newtonian,200.0,2,23045
Newtonian,360.0,1,23045
Newtonian,508.0,1,23045
Prime focus of a reflector,11.4,42,467
Prime focus of a reflector,30.6,1,467
Prime focus of a reflector,36.0,1,467
Prime focus of a reflector,43.0,1,467
Prime focus of a reflector,43.1,3,467
Prime focus of a reflector,50.0,166,467
Prime focus of a reflector,50.1,1,467
Prime focus of a reflector,50.8,18,467
Prime focus of a reflector,51.0,15,467
Prime focus of a reflector,60.0,210,467
Prime focus of a reflector,61.0,5,467
Prime focus of a reflector,65.0,2,467
Prime focus of a reflector,70.0,2,467
Refractor,1.3,2,5390
Refractor,1.7,2,5390
Refractor,1.8,2,5390
Refractor,2.1,3,5390
Refractor,2.6,1,5390
Refractor,2.7,10,5390
Refractor,2.8,12,5390
Refractor,2.9,4,5390
Refractor,3.0,11,5390
Refractor,3.1,1,5390
Refractor,3.5,88,5390
Refractor,3.8,25,5390
Refractor,3.9,2,5390
Refractor,4.0,4,5390
Refractor,4.1,1,5390
Refractor,5.0,905,5390
Refractor,5.1,10,5390
Refractor,5.4,14,5390
Refractor,6.0,11,5390
Refractor,6.1,5,5390
Refractor,6.3,3,5390
Refractor,6.5,12,5390
Refractor,6.6,5,5390
Refractor,6.7,2,5390
Refractor,6.8,60,5390
Refractor,7.0,54,5390
Refractor,7.1,1,5390
Refractor,7.2,93,5390
Refractor,7.3,13,5390
Refractor,7.5,138,5390
Refractor,7.6,97,5390
Refractor,7.7,62,5390
Refractor,8.0,229,5390
Refractor,8.5,1,5390
Refractor,8.9,2,5390
Refractor,9.0,123,5390
Refractor,9.1,24,5390
Refractor,9.4,91,5390
Refractor,9.8,10,5390
Refractor,10.0,1774,5390
Refractor,10.2,50,5390
Refractor,10.3,8,5390
Refractor,10.5,9,5390
Refractor,10.6,792,5390
Refractor,11.0,11,5390
Refractor,12.0,97,5390
Refractor,12.3,12,5390
Refractor,12.5,2,5390
Refractor,12.6,3,5390
Refractor,12.7,1,5390
Refractor,13.0,22,5390
Refractor,14.0,43,5390
Refractor,15.0,306,5390
Refractor,15.2,88,5390
Refractor,15.5,1,5390
Refractor,15.6,7,5390
Refractor,20.0,1,5390
Refractor,25.4,1,5390
Refractor,30.0,15,5390
Refractor,32.0,1,5390
Refractor,44.0,3,5390
Refractor,50.0,1,5390
Refractor,61.0,1,5390
Refractor,73.0,1,5390
Refractor,80.0,1,5390
Refractor,94.0,1,5390
Refractor,106.0,1,5390
Refractor,123.0,2,5390
Refractor,155.0,2,5390
Ritchey-Chretien,0.4,3,1674
Ritchey-Chretien,15.3,7,1674
Ritchey-Chretien,20.0,23,1674
Ritchey-Chretien,20.3,982,1674
Ritchey-Chretien,25.0,1,1674
Ritchey-Chretien,25.4,1,1674
Ritchey-Chretien,30.0,64,1674
Ritchey-Chretien,30.4,2,1674
Ritchey-Chretien,30.5,1,1674
Ritchey-Chretien,30.6,2,1674
Ritchey-Chretien,36.0,91,1674
Ritchey-Chretien,40.0,360,1674
Ritchey-Chretien,43.0,11,1674
Ritchey-Chretien,43.1,27,1674
Ritchey-Chretien,43.2,2,1674
Ritchey-Chretien,50.0,14,1674
Ritchey-Chretien,50.7,8,1674
Ritchey-Chretien,50.8,6,1674
Ritchey-Chretien,51.0,28,1674
Ritchey-Chretien,61.0,19,1674
Ritchey-Chretien,100.0,7,1674
Ritchey-Chretien,101.5,11,1674
Ritchey-Chretien,153.0,3,1674
Ritchey-Chretien,203.0,1,1674
Schmidt-Cassegrain,6.0,2,5767
Schmidt-Cassegrain,8.0,2,5767
Schmidt-Cassegrain,12.0,1,5767
Schmidt-Cassegrain,12.5,17,5767
Schmidt-Cassegrain,15.0,11,5767
Schmidt-Cassegrain,19.0,1,5767
Schmidt-Cassegrain,20.0,175,5767
Schmidt-Cassegrain,20.3,582,5767
Schmidt-Cassegrain,22.5,1,5767
Schmidt-Cassegrain,23.0,1,5767
Schmidt-Cassegrain,23.5,327,5767
Schmidt-Cassegrain,23.6,6,5767
Schmidt-Cassegrain,25.0,516,5767
Schmidt-Cassegrain,25.4,326,5767
Schmidt-Cassegrain,27.0,10,5767
Schmidt-Cassegrain,27.5,43,5767
Schmidt-Cassegrain,27.7,1,5767
Schmidt-Cassegrain,27.9,35,5767
Schmidt-Cassegrain,28.0,557,5767
Schmidt-Cassegrain,28.5,3,5767
Schmidt-Cassegrain,30.0,18,5767
Schmidt-Cassegrain,30.4,1,5767
Schmidt-Cassegrain,30.5,35,5767
Schmidt-Cassegrain,35.0,2715,5767
Schmidt-Cassegrain,35.5,4,5767
Schmidt-Cassegrain,35.6,22,5767
Schmidt-Cassegrain,36.0,3,5767
Schmidt-Cassegrain,40.0,2,5767
Schmidt-Cassegrain,40.6,33,5767
Schmidt-Cassegrain,43.0,22,5767
Schmidt-Cassegrain,43.1,4,5767
Schmidt-Cassegrain,45.0,63,5767
Schmidt-Cassegrain,50.0,221,5767
Schmidt-Cassegrain,50.8,1,5767
Schmidt-Cassegrain,51.0,4,5767
Schmidt-Cassegrain,61.0,1,5767
Schmidt-Cassegrain,341.1,1,5767
