date,event,type,label,baseline,peak,baseline_days,peak_days,gap,ratio
2023-02-01,Comet C/2022 E3 ZTF closest to Earth,comet,"Comet C/2022 E3 ZTF closest to Earth, Feb 2023",17.0,42.35,61,31,25.35,2.49
2024-10-12,Comet Tsuchinshan-ATLAS closest to Earth,comet,"Comet Tsuchinshan-ATLAS closest to Earth, Oct 2024",22.0,45.77,61,31,23.77,2.08
2025-09-07,Total lunar eclipse,lunar eclipse,"Total lunar eclipse, Sep 2025",17.0,33.45,61,31,16.45,1.97
2025-09-21,Partial solar eclipse,solar eclipse,"Partial solar eclipse, Sep 2025",20.0,33.61,61,31,13.61,1.68
2024-10-02,Annular solar eclipse (South America),solar eclipse,"Annular solar eclipse (South America), Oct 2024",23.0,34.13,61,31,11.13,1.48
2021-12-12,Comet Leonard closest to Earth,comet,"Comet Leonard closest to Earth, Dec 2021",22.0,28.13,61,31,6.13,1.28
2025-03-29,Partial solar eclipse,solar eclipse,"Partial solar eclipse, Mar 2025",21.0,26.42,61,31,5.42,1.26
2024-04-08,Total solar eclipse (North America),solar eclipse,"Total solar eclipse (North America), Apr 2024",28.0,33.06,61,31,5.06,1.18
2021-12-04,Total solar eclipse (Antarctica),solar eclipse,"Total solar eclipse (Antarctica), Dec 2021",23.0,23.45,61,31,0.45,1.02
2022-11-08,Total lunar eclipse,lunar eclipse,"Total lunar eclipse, Nov 2022",18.0,18.42,61,31,0.42,1.02
2022-05-16,Total lunar eclipse,lunar eclipse,"Total lunar eclipse, May 2022",20.0,19.94,61,31,-0.06,1.0
2025-03-14,Total lunar eclipse,lunar eclipse,"Total lunar eclipse, Mar 2025",24.0,23.74,61,31,-0.26,0.99
2024-09-18,Partial lunar eclipse,lunar eclipse,"Partial lunar eclipse, Sep 2024",23.0,22.48,61,31,-0.52,0.98
2021-05-26,Total lunar eclipse,lunar eclipse,"Total lunar eclipse, May 2021",17.0,15.61,61,31,-1.39,0.92
2023-10-14,Annular solar eclipse (Americas),solar eclipse,"Annular solar eclipse (Americas), Oct 2023",36.0,25.55,61,31,-10.45,0.71
2023-04-20,Hybrid solar eclipse (Australia),solar eclipse,"Hybrid solar eclipse (Australia), Apr 2023",33.0,18.77,61,31,-14.23,0.57
