country,year,n,total
United States,2021,9125,37118
United States,2022,7362,37118
United States,2023,6501,37118
United States,2024,6782,37118
United States,2025,7348,37118
Croatia,2021,3373,14337
Croatia,2022,4463,14337
Croatia,2023,3772,14337
Croatia,2024,2384,14337
Croatia,2025,345,14337
Uruguay,2021,5020,13183
Uruguay,2022,3971,13183
Uruguay,2023,3303,13183
Uruguay,2024,370,13183
Uruguay,2025,519,13183
Spain,2021,2820,4635
Spain,2022,361,4635
Spain,2023,1121,4635
Spain,2024,161,4635
Spain,2025,172,4635
Puerto Rico,2021,342,2560
Puerto Rico,2022,82,2560
Puerto Rico,2023,521,2560
Puerto Rico,2024,602,2560
Puerto Rico,2025,1013,2560
Italy,2021,415,2181
Italy,2022,337,2181
Italy,2023,1063,2181
Italy,2024,259,2181
Italy,2025,107,2181
Macedonia,2021,89,1961
Macedonia,2022,503,1961
Macedonia,2023,516,1961
Macedonia,2024,515,1961
Macedonia,2025,338,1961
Indonesia,2021,11,1594
Indonesia,2022,143,1594
Indonesia,2023,1021,1594
Indonesia,2024,53,1594
Indonesia,2025,366,1594
Japan,2021,116,1445
Japan,2022,268,1445
Japan,2023,518,1445
Japan,2024,230,1445
Japan,2025,313,1445
Germany,2021,134,1371
Germany,2022,273,1371
Germany,2023,635,1371
Germany,2024,165,1371
Germany,2025,164,1371
Chile,2021,811,1353
Chile,2022,94,1353
Chile,2023,204,1353
Chile,2024,176,1353
Chile,2025,68,1353
Colombia,2021,510,812
Colombia,2022,265,812
Colombia,2023,9,812
Colombia,2024,7,812
Colombia,2025,21,812
Canada,2021,178,774
Canada,2022,246,774
Canada,2023,160,774
Canada,2024,147,774
Canada,2025,43,774
India,2021,98,743
India,2022,158,743
India,2023,216,743
India,2024,201,743
India,2025,70,743
Belgium,2021,437,681
Belgium,2022,111,681
Belgium,2023,71,681
Belgium,2024,12,681
Belgium,2025,50,681
Brazil,2021,145,675
Brazil,2022,88,675
Brazil,2023,58,675
Brazil,2024,72,675
Brazil,2025,312,675
Australia,2021,66,605
Australia,2022,49,605
Australia,2023,88,605
Australia,2024,263,605
Australia,2025,139,605
United Kingdom,2021,266,559
United Kingdom,2022,51,559
United Kingdom,2023,159,559
United Kingdom,2024,40,559
United Kingdom,2025,43,559
Poland,2021,69,474
Poland,2022,313,474
Poland,2023,28,474
Poland,2024,46,474
Poland,2025,18,474
Czech Republic,2021,83,374
Czech Republic,2022,31,374
Czech Republic,2023,85,374
Czech Republic,2024,92,374
Czech Republic,2025,83,374
Malaysia,2021,338,368
Malaysia,2022,2,368
Malaysia,2023,8,368
Malaysia,2024,2,368
Malaysia,2025,18,368
Mexico,2021,61,364
Mexico,2022,38,364
Mexico,2023,58,364
Mexico,2024,91,364
Mexico,2025,116,364
Costa Rica,2021,0,352
Costa Rica,2022,2,352
Costa Rica,2023,1,352
Costa Rica,2024,4,352
Costa Rica,2025,345,352
New Zealand,2021,66,275
New Zealand,2022,63,275
New Zealand,2023,88,275
New Zealand,2024,45,275
New Zealand,2025,13,275
Hungary,2021,32,168
Hungary,2022,34,168
Hungary,2023,31,168
Hungary,2024,36,168
Hungary,2025,35,168
