year,sol_lon,n
2021,0,62
2021,1,33
2021,2,16
2021,3,9
2021,4,19
2021,5,11
2021,6,8
2021,7,5
2021,8,4
2021,9,9
2021,10,16
2021,11,28
2021,12,2
2021,13,17
2021,14,35
2021,15,38
2021,16,28
2021,17,36
2021,18,41
2021,19,51
2021,20,37
2021,21,24
2021,22,27
2021,23,35
2021,24,46
2021,25,64
2021,26,52
2021,27,54
2021,28,32
2021,29,55
2021,30,72
2021,31,233
2021,32,465
2021,33,118
2021,34,65
2021,35,25
2021,36,4
2021,37,5
2021,38,9
2021,39,33
2021,40,60
2021,41,72
2021,42,111
2021,43,127
2021,44,164
2021,45,144
2021,46,129
2021,47,146
2021,48,186
2021,49,148
2021,50,176
2021,51,77
2021,52,87
2021,53,37
2021,54,34
2021,55,28
2021,56,33
2021,57,33
2021,58,41
2021,59,40
2021,60,8
2021,61,13
2021,62,11
2021,63,17
2021,64,5
2021,65,4
2021,66,4
2021,67,13
2021,68,15
2021,69,18
2021,70,28
2021,71,46
2021,72,18
2021,73,25
2021,74,18
2021,75,12
2021,76,24
2021,77,34
2021,78,40
2021,79,25
2021,80,39
2021,81,41
2021,82,89
2021,83,63
2021,84,37
2021,85,31
2021,86,13
2021,87,12
2021,88,11
2021,89,29
2021,90,25
2021,91,15
2021,92,9
2021,93,26
2021,94,18
2021,95,39
2021,96,35
2021,97,10
2021,98,25
2021,99,35
2021,100,39
2021,101,39
2021,102,37
2021,103,77
2021,104,90
2021,105,63
2021,106,110
2021,107,120
2021,108,119
2021,109,88
2021,110,55
2021,111,64
2021,112,127
2021,113,162
2021,114,124
2021,115,160
2021,116,83
2021,117,117
2021,118,89
2021,119,79
2021,120,50
2021,121,25
2021,122,57
2021,123,69
2021,124,138
2021,125,301
2021,126,359
2021,127,393
2021,128,326
2021,129,341
2021,130,551
2021,131,631
2021,132,491
2021,133,515
2021,134,610
2021,135,523
2021,136,598
2021,137,635
2021,138,842
2021,139,1445
2021,140,2747
2021,141,2611
2021,142,1074
2021,143,397
2021,144,315
2021,145,215
2021,146,182
2021,147,168
2021,148,94
2021,149,88
2021,150,64
2021,151,121
2021,152,132
2021,153,130
2021,154,136
2021,155,125
2021,156,68
2021,157,94
2021,158,89
2021,159,141
2021,160,136
2021,161,144
2021,162,84
2021,163,149
2021,164,176
2021,165,211
2021,166,198
2021,167,167
2021,168,129
2021,169,145
2021,170,123
2021,171,123
2021,172,98
2021,173,91
2021,174,107
2021,175,83
2021,176,47
2021,177,52
2021,178,45
2021,179,63
2021,180,72
2021,181,49
2021,182,31
2021,183,23
2021,184,73
2021,185,51
2021,186,73
2021,187,106
2021,188,122
2021,189,159
2021,190,205
2021,191,173
2021,192,156
2021,193,91
2021,194,102
2021,195,180
2021,196,199
2021,197,315
2021,198,253
2021,199,307
2021,200,344
2021,201,354
2021,202,463
2021,203,313
2021,204,311
2021,205,237
2021,206,328
2021,207,279
2021,208,495
2021,209,257
2021,210,404
2021,211,717
2021,212,308
2021,213,444
2021,214,670
2021,215,602
2021,216,459
2021,217,310
2021,218,312
2021,219,332
2021,220,490
2021,221,526
2021,222,586
2021,223,281
2021,224,429
2021,225,395
2021,226,381
2021,227,236
2021,228,374
2021,229,339
2021,230,269
2021,231,272
2021,232,154
2021,233,142
2021,234,262
2021,235,217
2021,236,176
2021,237,112
2021,238,136
2021,239,315
2021,240,307
2021,241,177
2021,242,235
2021,243,203
2021,244,270
2021,245,525
2021,246,372
2021,247,364
2021,248,401
2021,249,469
2021,250,384
2021,251,561
2021,252,473
2021,253,499
2021,254,682
2021,255,426
2021,256,477
2021,257,300
2021,258,594
2021,259,984
2021,260,2158
2021,261,4121
2021,262,2609
2021,263,407
2021,264,209
2021,265,155
2021,266,102
2021,267,73
2021,268,90
2021,269,74
2021,270,191
2021,271,34
2021,272,65
2021,273,40
2021,274,28
2021,275,54
2021,276,47
2021,277,46
2021,278,62
2021,279,53
2021,280,30
2021,281,36
2021,282,537
2021,283,682
2021,284,73
2021,285,57
2021,286,46
2021,287,38
2021,288,63
2021,289,36
2021,290,40
2021,291,67
2021,292,68
2021,293,75
2021,294,69
2021,295,74
2021,296,32
2021,297,74
2021,298,70
2021,299,8
2021,300,6
2021,301,18
2021,302,22
2021,303,17
2021,304,7
2021,305,17
2021,306,12
2021,307,25
2021,308,5
2021,309,0
2021,310,12
2021,311,14
2021,312,6
2021,313,4
2021,314,4
2021,315,19
2021,316,22
2021,317,12
2021,318,8
2021,319,11
2021,320,5
2021,321,3
2021,322,23
2021,323,17
2021,324,23
2021,325,4
2021,326,12
2021,327,0
2021,328,6
2021,329,8
2021,330,15
2021,331,6
2021,332,13
2021,333,13
2021,334,13
2021,335,20
2021,336,9
2021,337,5
2021,338,3
2021,339,12
2021,340,15
2021,341,14
2021,342,20
2021,343,7
2021,344,13
2021,345,21
2021,346,23
2021,347,15
2021,348,3
2021,349,24
2021,350,30
2021,351,7
2021,352,6
2021,353,18
2021,354,15
2021,355,39
2021,356,58
2021,357,66
2021,358,70
2021,359,70
2022,0,23
2022,1,42
2022,2,52
2022,3,68
2022,4,67
2022,5,77
2022,6,46
2022,7,49
2022,8,19
2022,9,19
2022,10,21
2022,11,51
2022,12,49
2022,13,60
2022,14,46
2022,15,45
2022,16,43
2022,17,105
2022,18,67
2022,19,87
2022,20,58
2022,21,46
2022,22,29
2022,23,58
2022,24,38
2022,25,33
2022,26,20
2022,27,48
2022,28,30
2022,29,44
2022,30,193
2022,31,387
2022,32,580
2022,33,232
2022,34,117
2022,35,82
2022,36,63
2022,37,93
2022,38,86
2022,39,82
2022,40,104
2022,41,115
2022,42,145
2022,43,210
2022,44,415
2022,45,274
2022,46,291
2022,47,244
2022,48,223
2022,49,256
2022,50,245
2022,51,166
2022,52,99
2022,53,57
2022,54,38
2022,55,21
2022,56,46
2022,57,43
2022,58,21
2022,59,30
2022,60,36
2022,61,24
2022,62,23
2022,63,40
2022,64,26
2022,65,28
2022,66,21
2022,67,52
2022,68,164
2022,69,1098
2022,70,45
2022,71,59
2022,72,39
2022,73,28
2022,74,39
2022,75,35
2022,76,55
2022,77,31
2022,78,31
2022,79,35
2022,80,34
2022,81,30
2022,82,55
2022,83,54
2022,84,50
2022,85,19
2022,86,17
2022,87,21
2022,88,64
2022,89,67
2022,90,68
2022,91,96
2022,92,50
2022,93,81
2022,94,151
2022,95,112
2022,96,121
2022,97,114
2022,98,122
2022,99,125
2022,100,131
2022,101,177
2022,102,147
2022,103,176
2022,104,223
2022,105,199
2022,106,211
2022,107,192
2022,108,189
2022,109,80
2022,110,68
2022,111,82
2022,112,132
2022,113,160
2022,114,186
2022,115,193
2022,116,216
2022,117,154
2022,118,141
2022,119,159
2022,120,176
2022,121,257
2022,122,319
2022,123,443
2022,124,497
2022,125,716
2022,126,750
2022,127,732
2022,128,957
2022,129,515
2022,130,1080
2022,131,798
2022,132,732
2022,133,1252
2022,134,1262
2022,135,1043
2022,136,1106
2022,137,1317
2022,138,1287
2022,139,2274
2022,140,2707
2022,141,1234
2022,142,446
2022,143,428
2022,144,231
2022,145,222
2022,146,245
2022,147,287
2022,148,167
2022,149,206
2022,150,200
2022,151,139
2022,152,190
2022,153,227
2022,154,265
2022,155,207
2022,156,241
2022,157,211
2022,158,216
2022,159,185
2022,160,153
2022,161,108
2022,162,193
2022,163,177
2022,164,172
2022,165,84
2022,166,101
2022,167,63
2022,168,62
2022,169,65
2022,170,40
2022,171,78
2022,172,140
2022,173,172
2022,174,159
2022,175,148
2022,176,167
2022,177,143
2022,178,147
2022,179,184
2022,180,199
2022,181,176
2022,182,110
2022,183,174
2022,184,163
2022,185,153
2022,186,207
2022,187,179
2022,188,190
2022,189,197
2022,190,155
2022,191,225
2022,192,388
2022,193,184
2022,194,171
2022,195,129
2022,196,75
2022,197,131
2022,198,165
2022,199,176
2022,200,207
2022,201,340
2022,202,320
2022,203,340
2022,204,815
2022,205,1037
2022,206,948
2022,207,1038
2022,208,1558
2022,209,702
2022,210,882
2022,211,1607
2022,212,827
2022,213,1005
2022,214,982
2022,215,1061
2022,216,1076
2022,217,1018
2022,218,615
2022,219,976
2022,220,464
2022,221,783
2022,222,732
2022,223,511
2022,224,323
2022,225,255
2022,226,244
2022,227,21
2022,228,49
2022,229,324
2022,230,419
2022,231,459
2022,232,366
2022,233,522
2022,234,398
2022,235,477
2022,236,503
2022,237,432
2022,238,544
2022,239,353
2022,240,391
2022,241,536
2022,242,513
2022,243,502
2022,244,464
2022,245,368
2022,246,416
2022,247,326
2022,248,415
2022,249,255
2022,250,223
2022,251,190
2022,252,101
2022,253,213
2022,254,192
2022,255,249
2022,256,272
2022,257,479
2022,258,604
2022,259,847
2022,260,2334
2022,261,5223
2022,262,7232
2022,263,1073
2022,264,433
2022,265,363
2022,266,165
2022,267,300
2022,268,165
2022,269,358
2022,270,384
2022,271,167
2022,272,277
2022,273,258
2022,274,325
2022,275,175
2022,276,107
2022,277,171
2022,278,64
2022,279,52
2022,280,85
2022,281,210
2022,282,680
2022,283,366
2022,284,260
2022,285,235
2022,286,173
2022,287,96
2022,288,153
2022,289,105
2022,290,83
2022,291,127
2022,292,123
2022,293,119
2022,294,83
2022,295,65
2022,296,47
2022,297,37
2022,298,24
2022,299,60
2022,300,59
2022,301,56
2022,302,29
2022,303,34
2022,304,75
2022,305,60
2022,306,76
2022,307,116
2022,308,102
2022,309,112
2022,310,53
2022,311,53
2022,312,41
2022,313,47
2022,314,44
2022,315,67
2022,316,58
2022,317,32
2022,318,48
2022,319,37
2022,320,42
2022,321,39
2022,322,51
2022,323,25
2022,324,16
2022,325,15
2022,326,11
2022,327,2
2022,328,10
2022,329,11
2022,330,13
2022,331,8
2022,332,10
2022,333,18
2022,334,29
2022,335,24
2022,336,34
2022,337,30
2022,338,42
2022,339,33
2022,340,44
2022,341,29
2022,342,20
2022,343,26
2022,344,23
2022,345,20
2022,346,30
2022,347,42
2022,348,47
2022,349,42
2022,350,53
2022,351,40
2022,352,60
2022,353,43
2022,354,36
2022,355,11
2022,356,18
2022,357,23
2022,358,32
2022,359,30
2023,0,32
2023,1,65
2023,2,65
2023,3,41
2023,4,36
2023,5,50
2023,6,68
2023,7,45
2023,8,47
2023,9,46
2023,10,27
2023,11,33
2023,12,75
2023,13,57
2023,14,49
2023,15,28
2023,16,59
2023,17,89
2023,18,63
2023,19,60
2023,20,117
2023,21,113
2023,22,103
2023,23,103
2023,24,131
2023,25,97
2023,26,86
2023,27,90
2023,28,85
2023,29,180
2023,30,259
2023,31,547
2023,32,838
2023,33,238
2023,34,145
2023,35,136
2023,36,126
2023,37,89
2023,38,113
2023,39,116
2023,40,124
2023,41,127
2023,42,173
2023,43,175
2023,44,178
2023,45,183
2023,46,158
2023,47,246
2023,48,235
2023,49,175
2023,50,281
2023,51,178
2023,52,147
2023,53,153
2023,54,212
2023,55,156
2023,56,96
2023,57,63
2023,58,70
2023,59,49
2023,60,63
2023,61,80
2023,62,67
2023,63,53
2023,64,48
2023,65,42
2023,66,41
2023,67,32
2023,68,30
2023,69,23
2023,70,38
2023,71,50
2023,72,38
2023,73,39
2023,74,34
2023,75,32
2023,76,47
2023,77,62
2023,78,67
2023,79,64
2023,80,82
2023,81,88
2023,82,201
2023,83,150
2023,84,159
2023,85,114
2023,86,79
2023,87,76
2023,88,68
2023,89,111
2023,90,106
2023,91,124
2023,92,159
2023,93,259
2023,94,152
2023,95,90
2023,96,145
2023,97,146
2023,98,124
2023,99,129
2023,100,68
2023,101,50
2023,102,97
2023,103,110
2023,104,163
2023,105,178
2023,106,168
2023,107,176
2023,108,183
2023,109,232
2023,110,241
2023,111,355
2023,112,478
2023,113,445
2023,114,423
2023,115,245
2023,116,318
2023,117,340
2023,118,393
2023,119,432
2023,120,533
2023,121,526
2023,122,597
2023,123,522
2023,124,918
2023,125,946
2023,126,1101
2023,127,718
2023,128,422
2023,129,375
2023,130,457
2023,131,607
2023,132,780
2023,133,1086
2023,134,1336
2023,135,1261
2023,136,1189
2023,137,1626
2023,138,2491
2023,139,3943
2023,140,5050
2023,141,2488
2023,142,1474
2023,143,964
2023,144,520
2023,145,437
2023,146,477
2023,147,477
2023,148,466
2023,149,402
2023,150,289
2023,151,258
2023,152,210
2023,153,215
2023,154,253
2023,155,126
2023,156,108
2023,157,74
2023,158,57
2023,159,97
2023,160,91
2023,161,187
2023,162,222
2023,163,256
2023,164,366
2023,165,417
2023,166,407
2023,167,297
2023,168,219
2023,169,210
2023,170,201
2023,171,274
2023,172,268
2023,173,173
2023,174,228
2023,175,200
2023,176,183
2023,177,238
2023,178,223
2023,179,173
2023,180,220
2023,181,257
2023,182,233
2023,183,167
2023,184,90
2023,185,52
2023,186,51
2023,187,70
2023,188,110
2023,189,202
2023,190,174
2023,191,194
2023,192,291
2023,193,249
2023,194,310
2023,195,373
2023,196,425
2023,197,576
2023,198,481
2023,199,369
2023,200,718
2023,201,1081
2023,202,1003
2023,203,968
2023,204,799
2023,205,845
2023,206,993
2023,207,1505
2023,208,2295
2023,209,2203
2023,210,968
2023,211,738
2023,212,416
2023,213,420
2023,214,252
2023,215,187
2023,216,212
2023,217,263
2023,218,254
2023,219,349
2023,220,567
2023,221,493
2023,222,501
2023,223,780
2023,224,836
2023,225,711
2023,226,590
2023,227,683
2023,228,731
2023,229,767
2023,230,674
2023,231,675
2023,232,739
2023,233,425
2023,234,617
2023,235,721
2023,236,833
2023,237,836
2023,238,688
2023,239,416
2023,240,504
2023,241,484
2023,242,376
2023,243,139
2023,244,48
2023,245,139
2023,246,258
2023,247,286
2023,248,398
2023,249,478
2023,250,666
2023,251,587
2023,252,529
2023,253,1100
2023,254,665
2023,255,1090
2023,256,853
2023,257,1231
2023,258,1197
2023,259,1342
2023,260,3141
2023,261,8994
2023,262,6053
2023,263,1067
2023,264,623
2023,265,602
2023,266,337
2023,267,461
2023,268,315
2023,269,378
2023,270,464
2023,271,130
2023,272,170
2023,273,124
2023,274,81
2023,275,76
2023,276,79
2023,277,110
2023,278,76
2023,279,74
2023,280,144
2023,281,157
2023,282,353
2023,283,631
2023,284,88
2023,285,59
2023,286,36
2023,287,34
2023,288,76
2023,289,31
2023,290,69
2023,291,82
2023,292,97
2023,293,57
2023,294,101
2023,295,43
2023,296,97
2023,297,142
2023,298,248
2023,299,216
2023,300,217
2023,301,136
2023,302,50
2023,303,87
2023,304,131
2023,305,117
2023,306,107
2023,307,145
2023,308,122
2023,309,81
2023,310,69
2023,311,76
2023,312,51
2023,313,46
2023,314,38
2023,315,31
2023,316,23
2023,317,27
2023,318,30
2023,319,36
2023,320,37
2023,321,38
2023,322,18
2023,323,40
2023,324,46
2023,325,35
2023,326,17
2023,327,24
2023,328,15
2023,329,21
2023,330,34
2023,331,35
2023,332,22
2023,333,13
2023,334,23
2023,335,48
2023,336,58
2023,337,46
2023,338,52
2023,339,36
2023,340,41
2023,341,28
2023,342,19
2023,343,12
2023,344,7
2023,345,7
2023,346,2
2023,347,1
2023,348,8
2023,349,24
2023,350,17
2023,351,23
2023,352,68
2023,353,83
2023,354,32
2023,355,29
2023,356,37
2023,357,64
2023,358,46
2023,359,19
2024,0,130
2024,1,86
2024,2,50
2024,3,25
2024,4,19
2024,5,16
2024,6,39
2024,7,33
2024,8,51
2024,9,99
2024,10,105
2024,11,54
2024,12,82
2024,13,82
2024,14,55
2024,15,69
2024,16,59
2024,17,128
2024,18,119
2024,19,109
2024,20,165
2024,21,101
2024,22,133
2024,23,157
2024,24,180
2024,25,165
2024,26,146
2024,27,163
2024,28,139
2024,29,63
2024,30,172
2024,31,430
2024,32,740
2024,33,231
2024,34,57
2024,35,74
2024,36,146
2024,37,164
2024,38,202
2024,39,212
2024,40,205
2024,41,250
2024,42,569
2024,43,925
2024,44,906
2024,45,861
2024,46,852
2024,47,1053
2024,48,826
2024,49,786
2024,50,530
2024,51,353
2024,52,242
2024,53,269
2024,54,253
2024,55,199
2024,56,205
2024,57,148
2024,58,92
2024,59,33
2024,60,43
2024,61,27
2024,62,11
2024,63,22
2024,64,23
2024,65,29
2024,66,21
2024,67,21
2024,68,52
2024,69,41
2024,70,47
2024,71,59
2024,72,69
2024,73,87
2024,74,113
2024,75,122
2024,76,130
2024,77,124
2024,78,63
2024,79,97
2024,80,152
2024,81,127
2024,82,208
2024,83,141
2024,84,223
2024,85,141
2024,86,100
2024,87,140
2024,88,132
2024,89,124
2024,90,93
2024,91,44
2024,92,100
2024,93,170
2024,94,180
2024,95,211
2024,96,335
2024,97,304
2024,98,152
2024,99,207
2024,100,298
2024,101,448
2024,102,478
2024,103,439
2024,104,444
2024,105,524
2024,106,441
2024,107,416
2024,108,458
2024,109,296
2024,110,358
2024,111,534
2024,112,515
2024,113,439
2024,114,388
2024,115,259
2024,116,283
2024,117,220
2024,118,111
2024,119,154
2024,120,289
2024,121,441
2024,122,605
2024,123,1040
2024,124,1491
2024,125,2215
2024,126,2046
2024,127,2566
2024,128,1908
2024,129,2183
2024,130,2045
2024,131,2218
2024,132,1694
2024,133,2484
2024,134,2597
2024,135,1594
2024,136,1355
2024,137,2786
2024,138,4215
2024,139,7904
2024,140,9855
2024,141,3450
2024,142,1933
2024,143,1425
2024,144,560
2024,145,225
2024,146,125
2024,147,129
2024,148,202
2024,149,132
2024,150,197
2024,151,246
2024,152,298
2024,153,338
2024,154,485
2024,155,483
2024,156,424
2024,157,235
2024,158,132
2024,159,340
2024,160,323
2024,161,332
2024,162,209
2024,163,181
2024,164,417
2024,165,418
2024,166,368
2024,167,454
2024,168,508
2024,169,460
2024,170,424
2024,171,348
2024,172,347
2024,173,211
2024,174,164
2024,175,94
2024,176,110
2024,177,63
2024,178,171
2024,179,213
2024,180,201
2024,181,192
2024,182,212
2024,183,122
2024,184,264
2024,185,332
2024,186,309
2024,187,294
2024,188,240
2024,189,284
2024,190,460
2024,191,492
2024,192,525
2024,193,354
2024,194,514
2024,195,623
2024,196,511
2024,197,620
2024,198,731
2024,199,660
2024,200,448
2024,201,510
2024,202,412
2024,203,216
2024,204,260
2024,205,217
2024,206,442
2024,207,975
2024,208,1669
2024,209,2058
2024,210,2104
2024,211,1729
2024,212,1334
2024,213,1459
2024,214,1092
2024,215,902
2024,216,664
2024,217,884
2024,218,745
2024,219,545
2024,220,696
2024,221,732
2024,222,704
2024,223,647
2024,224,670
2024,225,653
2024,226,641
2024,227,704
2024,228,674
2024,229,643
2024,230,495
2024,231,328
2024,232,328
2024,233,147
2024,234,318
2024,235,499
2024,236,462
2024,237,685
2024,238,768
2024,239,851
2024,240,690
2024,241,558
2024,242,657
2024,243,685
2024,244,668
2024,245,650
2024,246,723
2024,247,976
2024,248,1064
2024,249,1151
2024,250,1405
2024,251,1392
2024,252,1498
2024,253,1286
2024,254,1672
2024,255,977
2024,256,1164
2024,257,1236
2024,258,1373
2024,259,1708
2024,260,1312
2024,261,4766
2024,262,5727
2024,263,380
2024,264,229
2024,265,374
2024,266,349
2024,267,392
2024,268,399
2024,269,497
2024,270,1099
2024,271,504
2024,272,329
2024,273,220
2024,274,395
2024,275,415
2024,276,486
2024,277,393
2024,278,404
2024,279,422
2024,280,355
2024,281,161
2024,282,1320
2024,283,1531
2024,284,327
2024,285,417
2024,286,309
2024,287,207
2024,288,284
2024,289,310
2024,290,251
2024,291,230
2024,292,239
2024,293,180
2024,294,289
2024,295,234
2024,296,175
2024,297,231
2024,298,283
2024,299,207
2024,300,109
2024,301,121
2024,302,122
2024,303,51
2024,304,63
2024,305,44
2024,306,88
2024,307,108
2024,308,102
2024,309,135
2024,310,123
2024,311,112
2024,312,114
2024,313,180
2024,314,135
2024,315,160
2024,316,91
2024,317,78
2024,318,90
2024,319,57
2024,320,56
2024,321,83
2024,322,95
2024,323,73
2024,324,82
2024,325,57
2024,326,30
2024,327,45
2024,328,27
2024,329,36
2024,330,31
2024,331,30
2024,332,30
2024,333,28
2024,334,40
2024,335,18
2024,336,13
2024,337,11
2024,338,17
2024,339,29
2024,340,56
2024,341,52
2024,342,33
2024,343,54
2024,344,26
2024,345,36
2024,346,46
2024,347,50
2024,348,47
2024,349,63
2024,350,48
2024,351,59
2024,352,68
2024,353,66
2024,354,39
2024,355,81
2024,356,92
2024,357,78
2024,358,110
2024,359,104
2025,0,366
2025,1,255
2025,2,107
2025,3,118
2025,4,169
2025,5,149
2025,6,158
2025,7,162
2025,8,130
2025,9,162
2025,10,132
2025,11,109
2025,12,120
2025,13,147
2025,14,112
2025,15,184
2025,16,184
2025,17,166
2025,18,195
2025,19,171
2025,20,152
2025,21,111
2025,22,103
2025,23,51
2025,24,71
2025,25,86
2025,26,93
2025,27,109
2025,28,123
2025,29,183
2025,30,421
2025,31,979
2025,32,1419
2025,33,578
2025,34,314
2025,35,230
2025,36,300
2025,37,389
2025,38,491
2025,39,413
2025,40,462
2025,41,403
2025,42,615
2025,43,823
2025,44,1050
2025,45,1167
2025,46,1351
2025,47,1158
2025,48,1220
2025,49,1050
2025,50,615
2025,51,301
2025,52,231
2025,53,238
2025,54,318
2025,55,348
2025,56,162
2025,57,198
2025,58,237
2025,59,237
2025,60,200
2025,61,152
2025,62,178
2025,63,121
2025,64,67
2025,65,103
2025,66,75
2025,67,72
2025,68,78
2025,69,161
2025,70,170
2025,71,137
2025,72,117
2025,73,86
2025,74,143
2025,75,101
2025,76,142
2025,77,122
2025,78,76
2025,79,56
2025,80,64
2025,81,86
2025,82,162
2025,83,205
2025,84,213
2025,85,241
2025,86,321
2025,87,226
2025,88,259
2025,89,325
2025,90,454
2025,91,371
2025,92,423
2025,93,434
2025,94,337
2025,95,310
2025,96,325
2025,97,409
2025,98,480
2025,99,415
2025,100,316
2025,101,428
2025,102,372
2025,103,394
2025,104,295
2025,105,450
2025,106,307
2025,107,329
2025,108,298
2025,109,256
2025,110,323
2025,111,287
2025,112,394
2025,113,342
2025,114,404
2025,115,540
2025,116,597
2025,117,593
2025,118,703
2025,119,790
2025,120,1058
2025,121,1858
2025,122,1604
2025,123,2064
2025,124,1960
2025,125,2747
2025,126,2369
2025,127,2939
2025,128,2885
2025,129,3320
2025,130,2233
2025,131,1867
2025,132,1810
2025,133,1579
2025,134,1480
2025,135,1325
2025,136,1189
2025,137,1903
2025,138,2522
2025,139,4531
2025,140,8537
2025,141,3366
2025,142,2472
2025,143,1428
2025,144,1209
2025,145,965
2025,146,742
2025,147,567
2025,148,618
2025,149,632
2025,150,639
2025,151,546
2025,152,540
2025,153,585
2025,154,476
2025,155,418
2025,156,593
2025,157,525
2025,158,628
2025,159,427
2025,160,357
2025,161,421
2025,162,355
2025,163,272
2025,164,245
2025,165,272
2025,166,314
2025,167,399
2025,168,306
2025,169,464
2025,170,359
2025,171,519
2025,172,599
2025,173,496
2025,174,497
2025,175,558
2025,176,594
2025,177,524
2025,178,647
2025,179,529
2025,180,538
2025,181,501
2025,182,465
2025,183,360
2025,184,315
2025,185,454
2025,186,435
2025,187,386
2025,188,489
2025,189,433
2025,190,272
2025,191,234
2025,192,342
2025,193,105
2025,194,112
2025,195,209
2025,196,229
2025,197,280
2025,198,410
2025,199,443
2025,200,572
2025,201,875
2025,202,1064
2025,203,1224
2025,204,1151
2025,205,1614
2025,206,2040
2025,207,1553
2025,208,1829
2025,209,1272
2025,210,2421
2025,211,1647
2025,212,1701
2025,213,1293
2025,214,1655
2025,215,1584
2025,216,1611
2025,217,1384
2025,218,1341
2025,219,1350
2025,220,1405
2025,221,942
2025,222,832
2025,223,598
2025,224,1050
2025,225,975
2025,226,904
2025,227,1243
2025,228,1600
2025,229,1444
2025,230,988
2025,231,1272
2025,232,1331
2025,233,949
2025,234,1182
2025,235,1699
2025,236,1258
2025,237,910
2025,238,980
2025,239,867
2025,240,739
2025,241,728
2025,242,836
2025,243,968
2025,244,705
2025,245,839
2025,246,851
2025,247,958
2025,248,767
2025,249,636
2025,250,753
2025,251,383
2025,252,403
2025,253,393
2025,254,498
2025,255,791
2025,256,946
2025,257,1542
2025,258,2192
2025,259,2629
2025,260,6952
2025,261,16959
2025,262,11965
2025,263,1495
2025,264,759
2025,265,608
2025,266,639
2025,267,494
2025,268,659
2025,269,610
2025,270,1120
2025,271,237
2025,272,416
2025,273,557
2025,274,594
2025,275,637
2025,276,503
2025,277,461
2025,278,467
2025,279,586
2025,280,271
2025,281,676
2025,282,3952
2025,283,2024
2025,284,262
2025,285,277
2025,286,356
2025,287,373
2025,288,306
2025,289,394
2025,290,296
2025,291,182
2025,292,116
2025,293,91
2025,294,106
2025,295,154
2025,296,157
2025,297,132
2025,298,276
2025,299,210
2025,300,181
2025,301,240
2025,302,264
2025,303,204
2025,304,167
2025,305,137
2025,306,138
2025,307,231
2025,308,165
2025,309,230
2025,310,224
2025,311,197
2025,312,237
2025,313,270
2025,314,265
2025,315,283
2025,316,182
2025,317,129
2025,318,92
2025,319,70
2025,320,37
2025,321,28
2025,322,40
2025,323,18
2025,324,12
2025,325,24
2025,326,22
2025,327,29
2025,328,42
2025,329,35
2025,330,81
2025,331,76
2025,332,92
2025,333,129
2025,334,146
2025,335,116
2025,336,78
2025,337,69
2025,338,119
2025,339,137
2025,340,103
2025,341,139
2025,342,138
2025,343,124
2025,344,132
2025,345,97
2025,346,96
2025,347,65
2025,348,100
2025,349,99
2025,350,66
2025,351,68
2025,352,66
2025,353,57
2025,354,98
2025,355,141
2025,356,132
2025,357,227
2025,358,439
2025,359,495
