year,country,active_observers,observations
2021,Argentina,3,4
2021,Australia,4,402
2021,Austria,1,12
2021,Belarus,1,111
2021,Belgium,4,557
2021,Brazil,11,329
2021,Canada,2,87
2021,Chile,1,1
2021,China,1,1
2021,Czech Republic,6,198
2021,Finland,1,132
2021,France,1,252
2021,Germany,12,1720
2021,Gibraltar,1,5
2021,Hungary,1,111
2021,India,1,34
2021,Italy,3,349
2021,Japan,10,592
2021,Mexico,2,2
2021,Netherlands,2,188
2021,New Zealand,2,39
2021,Norway,2,7
2021,Philippines,2,5
2021,Poland,7,257
2021,Romania,1,1
2021,Russian Federation,4,98
2021,Slovakia,2,13
2021,Slovenia,1,1
2021,South Africa,1,7
2021,Spain,8,852
2021,Sweden,2,47
2021,United Kingdom,9,692
2021,United States,6,116
2021,Uruguay,1,2
2021,Venezuela,1,1
2022,Australia,4,316
2022,Austria,2,35
2022,Belarus,1,141
2022,Belgium,5,566
2022,Bolivia,1,2
2022,Brazil,5,438
2022,Canada,2,117
2022,Czech Republic,9,415
2022,Finland,1,48
2022,France,1,229
2022,Germany,12,1869
2022,Hungary,1,48
2022,India,1,10
2022,Italy,3,352
2022,Japan,10,647
2022,Netherlands,2,224
2022,New Zealand,2,24
2022,Poland,8,323
2022,Russian Federation,4,63
2022,Slovakia,3,48
2022,Spain,8,701
2022,Sweden,3,61
2022,Thailand,1,6
2022,United Kingdom,9,772
2022,United States,7,183
2023,Argentina,1,1
2023,Australia,5,447
2023,Austria,3,43
2023,Belarus,1,239
2023,Belgium,5,877
2023,Bolivia,1,1
2023,Brazil,7,534
2023,Canada,2,112
2023,China,2,8
2023,Czech Republic,9,471
2023,Finland,3,84
2023,France,4,323
2023,Germany,13,2062
2023,Gibraltar,1,12
2023,Hungary,1,31
2023,India,1,3
2023,Italy,9,643
2023,Japan,8,905
2023,Mexico,1,13
2023,Netherlands,2,176
2023,New Zealand,3,54
2023,Norway,2,9
2023,Philippines,1,4
2023,Poland,11,419
2023,Russian Federation,5,44
2023,Slovakia,3,130
2023,Slovenia,2,29
2023,Spain,8,751
2023,Sweden,3,48
2023,Thailand,2,29
2023,Ukraine,3,5
2023,United Kingdom,13,1142
2023,United States,7,257
2024,Argentina,1,1
2024,Australia,9,1948
2024,Belarus,1,200
2024,Belgium,5,856
2024,Bolivia,1,1
2024,Brazil,9,421
2024,Canada,2,146
2024,China,4,66
2024,Czech Republic,9,463
2024,Finland,4,92
2024,France,5,306
2024,Germany,13,1965
2024,Gibraltar,1,28
2024,Hungary,1,8
2024,India,2,24
2024,Iran,2,2
2024,Italy,8,416
2024,Japan,11,820
2024,Korea Republic of,1,15
2024,Malaysia,1,1
2024,Mexico,1,13
2024,Morocco,1,1
2024,Netherlands,2,136
2024,New Zealand,1,1
2024,Norway,1,21
2024,Philippines,1,121
2024,Poland,11,889
2024,Russian Federation,7,48
2024,Saudi Arabia,1,17
2024,Slovakia,4,94
2024,Slovenia,3,81
2024,Spain,9,631
2024,Sweden,3,51
2024,Switzerland,1,1
2024,Thailand,2,9
2024,Ukraine,2,11
2024,United Arab Emirates,1,1
2024,United Kingdom,14,1086
2024,United States,7,205
2024,Venezuela,1,6
2025,Argentina,1,1
2025,Australia,8,1775
2025,Austria,1,1
2025,Belarus,1,109
2025,Belgium,5,911
2025,Brazil,8,255
2025,Canada,3,60
2025,China,4,24
2025,Czech Republic,10,1363
2025,Finland,3,45
2025,France,5,152
2025,Germany,15,1979
2025,Gibraltar,1,13
2025,Hungary,2,2
2025,India,3,8
2025,Iran,1,3
2025,Italy,9,243
2025,Japan,10,916
2025,Macao,1,2
2025,Mexico,1,26
2025,Morocco,1,1
2025,Netherlands,2,72
2025,New Zealand,3,28
2025,Norway,1,21
2025,Oman,1,4
2025,Philippines,1,30
2025,Poland,10,592
2025,Puerto Rico,1,1
2025,Russian Federation,5,76
2025,Slovakia,3,265
2025,Slovenia,2,108
2025,Spain,12,449
2025,Sweden,2,54
2025,Thailand,1,14
2025,Ukraine,1,1
2025,United Kingdom,19,1042
2025,United States,14,420
2026,Australia,1,12
2026,Czech Republic,1,2
2026,Netherlands,1,1
2026,Poland,1,81
2026,United Kingdom,1,3
