date,event,type
2021-05-26,Total lunar eclipse,lunar eclipse
2021-12-04,Total solar eclipse (Antarctica),solar eclipse
2021-12-12,Comet Leonard closest to Earth,comet
2022-05-16,Total lunar eclipse,lunar eclipse
2022-11-08,Total lunar eclipse,lunar eclipse
2023-02-01,Comet C/2022 E3 ZTF closest to Earth,comet
2023-04-20,Hybrid solar eclipse (Australia),solar eclipse
2023-10-14,Annular solar eclipse (Americas),solar eclipse
2024-04-08,Total solar eclipse (North America),solar eclipse
2024-09-18,Partial lunar eclipse,lunar eclipse
2024-10-02,Annular solar eclipse (South America),solar eclipse
2024-10-12,Comet Tsuchinshan-ATLAS closest to Earth,comet
2025-03-14,Total lunar eclipse,lunar eclipse
2025-03-29,Partial solar eclipse,solar eclipse
2025-09-07,Total lunar eclipse,lunar eclipse
2025-09-21,Partial solar eclipse,solar eclipse
